Bottle,BaseCylinder,hBC,rBC,r1,g1,b1,Frustum,hF,r1F,r2F,r2,g2,b2,TopCylinder,hTC,rTC,r3,g3,b3
Bottle0.png,1,6.93,3.63,0.6399140988409819,0.7269802893249961,0.06339265138240369,1,3.69,3.63,1.39,0.2258283757548133,0.8202297544053484,0.4744346111443366,1,1.78,1.39,0.113967459038127,0.7635614478420469,0.491054198539406
Bottle1.png,1,7.3,3.31,0.3453976339242052,0.4364316266771532,0.7535440375440839,1,2.97,3.31,0.68,0.14378005907118074,0.7159818883570275,0.52141522473732,1,1.8,0.68,0.6982698463180802,0.6781841819031521,0.465767486389716
Bottle2.png,1,6.1,3.58,0.7222125258808771,0.3053986014841764,0.24068766618254345,1,2.95,3.58,1.17,0.48356073988702564,0.8723706272753533,0.4866800652696254,1,1.98,1.17,0.9502579442080855,0.4934185231802066,0.1930979968784543
Bottle3.png,1,5.57,2.91,0.9036576496033443,0.3091197987363301,0.157647213302601,1,2.55,2.91,0.51,0.8066137698864233,0.8067265407531976,0.884441703330449,1,1.59,0.51,0.5927391681465967,0.21573372964103776,0.14409951482308014
Bottle4.png,1,6.3,1.86,0.9008984748691159,0.46334555823636225,0.6756421163823454,1,2.84,1.86,0.8,0.2550214178816558,0.5817393810496037,0.6738315954288268,1,1.89,0.8,0.29835792499938785,0.15485036738328717,0.23968808386279028
Bottle5.png,1,5.83,2.88,0.6221184144845758,0.8962940877107016,0.6773145906282731,1,3.12,2.88,0.51,0.3747456947362343,0.6428001543910966,0.5320106635460083,1,1.79,0.51,0.8786409776731543,0.06628035019463896,0.7209007414590678
Bottle6.png,1,6.16,2.13,0.7076485867245772,0.2075162623359038,0.8643300290230934,1,2.3,2.13,1.34,0.5159042024667033,0.024085341938160365,0.19793487532598242,1,1.71,1.34,0.3147245892862002,0.3448276182367196,0.5564289408123902
Bottle7.png,1,5.9,1.75,0.23169179394321304,0.8285197488550975,0.5044711031277717,1,2.78,1.75,0.56,0.6759548966186956,0.9306472905423321,0.21168316534905607,1,1.98,0.56,0.4208918580107158,0.30624767145348586,0.6662106253581584
Bottle8.png,1,5.18,2.46,0.35392064933489764,0.13823630351429883,0.6160803866603175,1,2.62,2.46,1.31,0.026810530342736172,0.41222278205545515,0.42884197531368073,1,1.88,1.31,0.8926882397249334,0.35191874934412304,0.008633907850988387
Bottle9.png,1,6.63,2.79,0.6979862622604573,0.5615264301172257,0.187542090956492,1,2.84,2.79,1.0,0.8501717539497904,0.8504994563761757,0.5019887361288191,1,1.78,1.0,0.6855042447608921,0.05546194186583209,0.896631901387706
Bottle10.png,1,6.19,2.61,0.7555474973136052,0.8928943296407302,0.4145653597034008,1,3.0,2.61,1.07,0.8238932252878491,0.6525140032471568,0.32211712119361435,1,1.59,1.07,0.9856643167296657,0.28356463041791047,0.9301339437381293
Bottle11.png,1,5.84,1.87,0.37193487250870105,0.6329257379220455,0.33067405030021035,1,1.7,1.87,1.5,0.724799387206163,0.8882845648713321,0.45591869276212105,1,1.93,1.5,0.12006678651733271,0.5966514538955846,0.8836359323179296
Bottle12.png,1,6.82,3.58,0.10148066724036331,0.7172495646843892,0.675574831971482,1,3.2,3.58,0.54,0.7823352298142022,0.14179206420444312,0.49885296800792067,1,1.56,0.54,0.7080266683492363,0.4327542771138445,0.08679696705238138
Bottle13.png,1,6.18,2.8,0.009008656460873565,0.8956521798288338,0.09116780808973957,1,3.61,2.8,1.11,0.8543490875878568,0.7372540069128041,0.2007102691508822,1,1.68,1.11,0.17460591739596143,0.5144055566836004,0.4221497578262552
Bottle14.png,1,6.99,1.99,0.5943175785537145,0.9453282053404387,0.5441521077821051,1,3.92,1.99,0.9,0.23750131279694564,0.27932299183737297,0.9191127331998862,1,1.64,0.9,0.7358522277171192,0.1474780994994337,0.22184417734518336
Bottle15.png,1,5.9,3.42,0.5961412523746222,0.2639079636297941,0.5907907706583683,1,2.19,3.42,1.23,0.11841223423017277,0.19700883285120419,0.5915845762398804,1,1.88,1.23,0.8442004325494058,0.3935375261418461,0.6292403058398819
Bottle16.png,1,5.32,2.74,0.2684739192714456,0.33946532439186483,0.8470721093319799,1,1.57,2.74,0.84,0.141663270321157,0.02890439730185368,0.5089604599532532,1,1.99,0.84,0.7494852412222365,0.25858869099247095,0.16992927288508786
Bottle17.png,1,5.07,3.51,0.8994964713774303,0.31869454725117363,0.8097263164903428,1,3.4,3.51,1.45,0.9698813328664535,0.8114625480539372,0.8147822529706032,1,1.53,1.45,0.9727460345921659,0.9771123791060349,0.05925978361315831
Bottle18.png,1,7.31,3.8,0.8608511428896118,0.8143687925362604,0.8169044322088685,1,2.85,3.8,0.81,0.7635042827140602,0.9703850085310572,0.5433330700877724,1,1.73,0.81,0.8230394878084129,0.8022849635391662,0.9909864758648966
Bottle19.png,1,7.42,2.52,0.6945636528486717,0.6849855136183286,0.9276089452903208,1,4.1,2.52,0.84,0.2593334300474489,0.6679772328935829,0.24154413174257905,1,1.62,0.84,0.10423607500464371,0.35601159271357874,0.9628116109638989
Bottle20.png,1,5.77,2.45,0.828211199426584,0.6791755099359171,0.5185501126045013,1,2.67,2.45,1.17,0.05572176944675222,0.7132710129697954,0.27163112037885584,1,1.72,1.17,0.6749450031435916,0.7283430545738779,0.9819466454765332
Bottle21.png,1,5.66,3.08,0.9239597468435428,0.7070104232162924,0.22071392410106172,1,3.93,3.08,0.81,0.04006421132275528,0.31475470065335864,0.9423232190886718,1,1.77,0.81,0.4742137114728818,0.4233696811581038,0.10457828744549647
Bottle22.png,1,5.6,1.89,0.8514134729646029,0.7568404911252266,0.8244702121607591,1,4.16,1.89,0.95,0.8844914557935646,0.23339417166162568,0.5736761779110201,1,1.76,0.95,0.8408792325956781,0.4745233655501314,0.8346273580213054
Bottle23.png,1,7.41,2.52,0.07999223822069468,0.34992290242743473,0.2336671746199468,1,2.36,2.52,0.75,0.7460967945187238,0.4227985386163772,0.9834132120838047,1,1.91,0.75,0.6910634001952433,0.4342574829968864,0.3008156310352921
Bottle24.png,1,6.75,2.48,0.565709589846141,0.9853519296673418,0.052012626498598946,1,2.05,2.48,0.93,0.808000355534739,0.24286777349504407,0.5423643951491204,1,1.95,0.93,0.7691732208768692,0.03823763107923461,0.151512756572734
Bottle25.png,1,6.65,2.4,0.14081172467495384,0.28501229747328594,0.3387841440606262,1,1.52,2.4,1.48,0.9375938431535594,0.6352595598251725,0.3952110774765265,1,1.56,1.48,0.29737474212087933,0.9512717387335597,0.946554295537019
Bottle26.png,1,6.47,2.7,0.23509469106744751,0.25935892348841116,0.6031114806768908,1,4.19,2.7,0.96,0.18753552802156692,0.914090972664962,0.44980415908601223,1,1.88,0.96,0.8021931119265987,0.14155033330429478,0.6478316520847226
Bottle27.png,1,5.17,3.34,0.06943678092389227,0.07750897114108646,0.21479044546143866,1,4.46,3.34,1.43,0.32211668542440763,0.21427911296829838,0.09252968463945943,1,1.67,1.43,0.3991655130160192,0.01166403864060106,0.2881130890883725
Bottle28.png,1,6.16,1.79,0.10655356250135606,0.9540531930555516,0.2390975422959304,1,4.4,1.79,1.07,0.11709815070700502,0.9499667327751327,0.0871583025205529,1,1.98,1.07,0.9011971077284462,0.3572873130186248,0.7292521587498078
Bottle29.png,1,5.45,3.29,0.8939768478215471,0.4123782464056235,0.6139522909197449,1,3.04,3.29,0.78,0.9728628560188861,0.9092194011699576,0.04237404300982062,1,1.79,0.78,0.4288924489211834,0.5583679621437222,0.388330283201055
Bottle30.png,1,6.17,2.95,0.7210229251935314,0.9517767344593093,0.9023348973830502,1,2.75,2.95,1.23,0.5203057995681163,0.6562852586402436,0.6201381573446114,1,1.53,1.23,0.5180019032370965,0.40798026420012423,0.06563540560361047
Bottle31.png,1,5.47,3.85,0.29652702910312756,0.3650695353057156,0.4297083850469159,1,3.18,3.85,1.18,0.36245412171208347,0.5464993764580562,0.27931579474093204,1,1.69,1.18,0.19304177255096666,0.22612458345736408,0.6702911601445475
Bottle32.png,1,6.3,3.91,0.4624010438359839,0.048287925093787654,0.052350544577807634,1,4.33,3.91,0.9,0.0641983892033916,0.5749607086541542,0.46580618492907766,1,1.93,0.9,0.2732387833618961,0.49466572972716794,0.6507778809670022
Bottle33.png,1,6.42,3.88,0.8460981466606917,0.31433204684941174,0.33805266223382824,1,3.98,3.88,1.47,0.45055772329147914,0.8614443570279523,0.15807984085561155,1,1.5,1.47,0.007321664257134763,0.27337007423924575,0.5384296896602833
Bottle34.png,1,6.61,1.86,0.22609537999946094,0.8209497739830378,0.3648229316198265,1,2.29,1.86,0.65,0.6486704005912529,0.5199147310671727,0.28356391767346634,1,1.81,0.65,0.17229585482068388,0.7311821452444786,0.8949810708958393
Bottle35.png,1,7.1,1.65,0.4001782835336032,0.6515265766084805,0.24393298386486928,1,2.83,1.65,0.57,0.8782021614808088,0.7046818971588366,0.6803457477563777,1,1.69,0.57,0.22560636906486609,0.09764208028330801,0.247660330110422
Bottle36.png,1,6.51,1.78,0.6058723414054047,0.42910510179508177,0.865242078529926,1,4.12,1.78,0.87,0.8639215788328982,0.6041000199710681,0.557815334718449,1,1.63,0.87,0.32264604781598827,0.42813765034773976,0.887540932234333
Bottle37.png,1,5.4,2.38,0.6890411454579553,0.6648844752874266,0.8375898530480206,1,2.26,2.38,1.3,0.7257096971933673,0.8858647292373903,0.32036672253125964,1,1.82,1.3,0.39621607570687445,0.24151613410142536,0.9992857844684578
Bottle38.png,1,6.64,2.08,0.38868162387550165,0.4553883145312597,0.600675891777616,1,3.06,2.08,0.55,0.9426072646510057,0.17075247958503248,0.20464194678058945,1,1.87,0.55,0.9858514318109819,0.4367419915072128,0.8453919488048808
Bottle39.png,1,5.0,3.1,0.8993834034894879,0.16157530933151065,0.5571175783639161,1,2.99,3.1,0.79,0.937766611436994,0.7654563035090034,0.84813299893509,1,1.68,0.79,0.40868835335449905,0.7233984775182942,0.6327095803915387
Bottle40.png,1,6.73,2.28,0.6788555103376847,0.1413435057737149,0.11911725389449235,1,2.4,2.28,1.2,0.6952599891981674,0.22818364689191772,0.9489731096706412,1,1.88,1.2,0.5267861179948427,0.7960729005829457,0.7345384526981427
Bottle41.png,1,6.93,1.53,0.0899616303290417,0.9257885115423738,0.18757157505846478,1,3.73,1.53,1.11,0.1377570706177701,0.5834568734349418,0.2800583504039559,1,1.78,1.11,0.2230887179803267,0.5269128739626819,0.16433085836378936
Bottle42.png,1,6.87,2.82,0.08963034829804972,0.33371376307471956,0.7870275278370154,1,2.09,2.82,0.67,0.17550954908214522,0.10383738663154718,0.4048004691979784,1,1.72,0.67,0.7935711721403541,0.9190500048545365,0.10410833570450906
Bottle43.png,1,5.35,3.65,0.9747671412868986,0.8307680123317902,0.9391409827970271,1,2.0,3.65,1.26,0.3008366129080752,0.6051378502137372,0.3440515193392327,1,1.87,1.26,0.15392900552163769,0.7324495413001966,0.6167566189222867
Bottle44.png,1,7.04,2.33,0.9523591760840866,0.6792848559047487,0.7824495680188568,1,3.49,2.33,1.19,0.5503891548163616,0.8004554544991019,0.5358588481303292,1,1.83,1.19,0.04688604889950321,0.8637485460872982,0.4000562739191508
Bottle45.png,1,6.09,2.2,0.9807254481496325,0.11798405340906604,0.5095974971004521,1,2.91,2.2,0.53,0.5468256611946325,0.20620895473117384,0.9610728051577698,1,1.5,0.53,0.7492809040982741,0.6706154083744141,0.5741693164544741
Bottle46.png,1,5.79,3.48,0.8354925977257417,0.6808335554166587,0.07379784515092802,1,1.57,3.48,0.93,0.34333360859565243,0.007129857743080614,0.49944429464472784,1,1.82,0.93,0.22398039736155217,0.7022702112850098,0.5189877735735431
Bottle47.png,1,7.03,3.99,0.1736766923849945,0.31506657427353213,0.8142499656386576,1,2.63,3.99,1.5,0.9681600994572404,0.8444547940733883,0.26947429396615463,1,1.95,1.5,0.8945252368156422,0.887308524277614,0.0432454762599197
Bottle48.png,1,6.15,2.21,0.5016392586428474,0.8777944811263289,0.6718963938828372,1,3.46,2.21,1.22,0.05461357091253971,0.9111229714793516,0.43372601495191077,1,1.72,1.22,0.3823111746940201,0.030006566730217732,0.6096550416409674
Bottle49.png,1,6.02,2.62,0.12405861146974195,0.5176967903702175,0.1670356496879296,1,3.53,2.62,1.02,0.39525899925962815,0.3157647982763163,0.695372783383395,1,1.6,1.02,0.6877958292367973,0.004787271612092914,0.9747832482094595
Bottle50.png,1,6.01,1.53,0.5935464401645555,0.40290982017713783,0.8554693429577525,1,2.2,1.53,0.57,0.032377551861592746,0.939921979708503,0.7665244147885161,1,1.87,0.57,0.7520980613750687,0.9624122886317039,0.03864002554335377
Bottle51.png,1,6.36,1.7,0.1477510954375726,0.787712375909162,0.8873131220556146,1,3.79,1.7,1.3,0.6642826397036529,0.09391812545236822,0.879002024851365,1,1.97,1.3,0.9682687657036476,0.9647426047811953,0.0610945408289274
Bottle52.png,1,6.11,3.57,0.9270838552307087,0.2666217569771018,0.9771763824365813,1,3.24,3.57,0.87,0.5730842775422597,0.4279786615673985,0.7767046738651,1,1.62,0.87,0.24043981253339464,0.3435799891651764,0.9721175642954716
Bottle53.png,1,7.4,1.97,0.21580862813864465,0.4769655428546141,0.30532274701312356,1,3.49,1.97,0.81,0.07379528986945094,0.3322115604627447,0.9043962736677851,1,1.57,0.81,0.963389077080821,0.3226728133967449,0.45579694074966237
Bottle54.png,1,7.25,3.06,0.7669279278130843,0.709913976780666,0.5431912326596562,1,2.39,3.06,0.6,0.23114791456614459,0.5279699172842188,0.7334237203353375,1,1.52,0.6,0.23473364720085754,0.856725936196164,0.8289831703454038
Bottle55.png,1,6.07,3.88,0.6292333693223207,0.8433411447445729,0.5918283833289701,1,2.74,3.88,0.52,0.8897353148646266,0.1244714901500178,0.6793066537379604,1,1.95,0.52,0.2841901730587628,0.4613475155639417,0.7509338126137644
Bottle56.png,1,7.14,2.08,0.5422848210305765,0.7232695786340205,0.28224026068720864,1,2.9,2.08,0.56,0.6947569965826152,0.6902582727734136,0.7086782425920788,1,1.66,0.56,0.03677147608368736,0.9013577120926664,0.449213598244137
Bottle57.png,1,7.35,3.7,0.7408120459430199,0.4173291743626335,0.35981634034604004,1,3.87,3.7,1.1,0.8046756296605382,0.11194777698129266,0.8813691903069851,1,1.67,1.1,0.997659436523397,0.29544537589949105,0.34595864589766323
Bottle58.png,1,6.2,1.66,0.10251461201310963,0.23781879827396746,0.47454266560070424,1,2.38,1.66,0.98,0.4576125200310801,0.566573870869162,0.6908918049660852,1,1.71,0.98,0.30535509838072195,0.3652268493272679,0.38425569197970366
Bottle59.png,1,6.07,3.22,0.23597431872337682,0.5269975743937606,0.7279788959702043,1,3.71,3.22,1.02,0.920141951060106,0.7759892065886639,0.7443547617633742,1,1.91,1.02,0.40591644603310495,0.6753533169190602,0.22207264066050247
Bottle60.png,1,6.84,2.97,0.14083730625232882,0.009331171038965413,0.4513003616049893,1,3.75,2.97,0.6,0.03636358805240025,0.41290217914466265,0.05526882442320091,1,1.71,0.6,0.3635019050836974,0.38458108861605356,0.42402855936993955
Bottle61.png,1,7.27,2.82,0.32282481573728694,0.8827575136402828,0.7873910177981782,1,1.58,2.82,1.16,0.008911600962688948,0.7544053533871369,0.9246016591527773,1,1.64,1.16,0.2552034692775115,0.6917254067732979,0.7071751217492884
Bottle62.png,1,6.48,1.71,0.0009993918560619042,0.3523389684934649,0.7480380133347613,1,4.45,1.71,0.61,0.6817074212392372,0.6756625462376553,0.5457552909899543,1,1.92,0.61,0.40022067098474423,0.15032104328834117,0.8135637423579654
Bottle63.png,1,7.21,3.42,0.23223078585071233,0.15360183632448565,0.001868167859314096,1,2.46,3.42,0.91,0.45631438772304056,0.37066785556661197,0.735028618460409,1,1.95,0.91,0.4064576118894464,0.6340262056638863,0.35295212899189277
Bottle64.png,1,5.71,2.01,0.9552491770032601,0.9854092428340279,0.7464299391067519,1,2.17,2.01,0.88,0.5212709909438692,0.9198118079745777,0.2962988645994563,1,1.95,0.88,0.9157417429877185,0.2608809628302773,0.07823132305767022
Bottle65.png,1,5.35,3.7,0.2682890759470433,0.8904823222950219,0.19749297967181434,1,4.25,3.7,0.82,0.7793871002424076,0.5468641410591283,0.3171451903957544,1,1.58,0.82,0.5244477579589227,0.12520764121286865,0.08872169907322947
Bottle66.png,1,7.3,3.84,0.7544223414670386,0.09745200084918992,0.37067207195898866,1,4.39,3.84,1.35,0.44749070999934437,0.4133589244750545,0.8611940220729163,1,1.86,1.35,0.6116562460701369,0.37790325915236256,0.5498808348076095
Bottle67.png,1,6.47,1.6,0.20922477072101775,0.7872654826493953,0.7417038664674342,1,2.46,1.6,0.67,0.5366205045266371,0.7551408196697309,0.5630803593168012,1,1.73,0.67,0.24974916941568825,0.5861847235745898,0.5841010550266479
Bottle68.png,1,6.48,3.22,0.09378949741511788,0.3264260958012176,0.8582063790168954,1,4.25,3.22,0.68,0.7597079779802635,0.5014507008590463,0.19932814645960195,1,1.52,0.68,0.8660566566909449,0.3050092138700641,0.35768857662316433
Bottle69.png,1,5.68,3.13,0.8833123483071823,0.32278334091483096,0.7678960951177813,1,4.23,3.13,1.32,0.022832334002557242,0.6436092731379771,0.12338980126864374,1,1.53,1.32,0.12238576266465062,0.49584602866685623,0.5321416703863696
Bottle70.png,1,6.97,2.26,0.9352165177407682,0.3748577500031606,0.5570247350629043,1,3.26,2.26,0.76,0.6323924007258359,0.32600829802360853,0.025482971828286294,1,1.91,0.76,0.497476997252992,0.7242859367428642,0.09671571461431672
Bottle71.png,1,5.22,2.53,0.06326383315677064,0.9801248651299218,0.09269224726037795,1,4.06,2.53,1.27,0.1285186145725059,0.509383115233544,0.5765524601597379,1,1.52,1.27,0.05911582061956999,0.06251039388863977,0.22169927197786388
Bottle72.png,1,5.47,3.89,0.1457370591375784,0.6772852977126805,0.9661747269981307,1,2.8,3.89,1.02,0.4711439461972503,0.5919015672997595,0.7319738616536916,1,1.7,1.02,0.13637086819213295,0.16065849804742227,0.5436593155906628
Bottle73.png,1,5.93,3.45,0.23719971241266036,0.8730388633189842,0.3396181510774696,1,1.63,3.45,1.35,0.23229352300847816,0.5940662656747757,0.983767658123346,1,1.92,1.35,0.34515209434348315,0.28563265980213315,0.06333870901081184
Bottle74.png,1,6.94,3.95,0.7837885680719712,0.02521802978132881,0.7809473142434199,1,3.34,3.95,1.17,0.8970731108859972,0.5337165319943924,0.7709616597907503,1,1.53,1.17,0.1282849763890418,0.7832889335712461,0.7410458749362939
Bottle75.png,1,6.89,3.81,0.4065230423056716,0.4235367951331278,0.206691569947422,1,2.64,3.81,0.83,0.8606692285961725,0.15631473816878472,0.5306689259859766,1,1.78,0.83,0.40576012165176045,0.25745108502697645,0.4632521858845027
Bottle76.png,1,5.98,3.61,0.5725938831904325,0.9209207819635268,0.9475213819206686,1,4.38,3.61,0.57,0.07804331417608157,0.6958561640451392,0.898856526246762,1,1.72,0.57,0.27073733331150507,0.46818671552519175,0.456927296769001
Bottle77.png,1,6.16,1.64,0.786646522698031,0.8795087236267933,0.901513698256026,1,3.59,1.64,0.6,0.8559882190564557,0.04072749109033624,0.9403306149194038,1,1.54,0.6,0.8557723077645779,0.9989206757395803,0.0015506106214798754
Bottle78.png,1,7.45,3.06,0.46172494782912654,0.23748602330523372,0.421483476281418,1,3.24,3.06,0.52,0.7940896434512299,0.09832584451997028,0.3870918194035643,1,1.6,0.52,0.14923075995724844,0.6887884905340841,0.772146545629978
Bottle79.png,1,7.17,2.42,0.878370137124267,0.6832709998439818,0.46380140226331845,1,2.93,2.42,0.59,0.6906148552803253,0.8452657897875113,0.04115582721111899,1,1.76,0.59,0.6658534644816316,0.08844476487866504,0.5659643461999124
Bottle80.png,1,6.67,1.81,0.7320355227609586,0.36543278591878936,0.7781034283649592,1,2.06,1.81,0.6,0.4541123103290684,0.020974931823965592,0.8921805571443167,1,1.66,0.6,0.6755271230488188,0.7971688884510509,0.11150488350600185
Bottle81.png,1,6.62,2.05,0.5709522103666131,0.046517760348573245,0.9667054178779293,1,1.55,2.05,1.06,0.02102570291674344,0.862762268753088,0.036422865236730884,1,1.68,1.06,0.34153898019950457,0.8318115800890336,0.2553794721337256
Bottle82.png,1,5.92,3.78,0.30317983757034594,0.956259984555735,0.6472985410377203,1,3.34,3.78,1.11,0.8662442719787514,0.8864899129633892,0.8022958691507486,1,1.55,1.11,0.045403445920741525,0.10550343316324873,0.725252655114292
Bottle83.png,1,6.23,3.66,0.13213981938682362,0.162960352778856,0.04366813984020801,1,3.78,3.66,1.26,0.7281569369615117,0.1272350044007955,0.772860173502361,1,1.71,1.26,0.4107421580602818,0.9319007116736061,0.15429067130398388
Bottle84.png,1,6.42,3.71,0.9878244867828334,0.6953094671608584,0.6459157671684157,1,1.55,3.71,0.54,0.29894427877045326,0.8516165433053486,0.8860502077722925,1,1.57,0.54,0.3663921896762874,0.12089129976456103,0.9864584220580908
Bottle85.png,1,6.72,1.79,0.24132413759500804,0.13343605546904846,0.1659900068400153,1,3.39,1.79,0.71,0.241079326125625,0.39375989023314817,0.6700878268209174,1,1.59,0.71,0.6662907591038509,0.3316080496731173,0.8032917128855313
Bottle86.png,1,7.33,3.56,0.16212712344614677,0.4250465191502393,0.8885966535249405,1,1.51,3.56,1.42,0.9365907407806047,0.6148965607631366,0.22088201899994242,1,1.72,1.42,0.22614228775558465,0.07175464129339537,0.07531908405135945
Bottle87.png,1,5.36,3.97,0.3522192287480783,0.5425238464003882,0.42521638590429,1,2.94,3.97,1.21,0.2354679129249323,0.75791874508906,0.1662597301303631,1,1.93,1.21,0.4648027218916052,0.47820706494857634,0.7587721719753265
Bottle88.png,1,5.63,1.7,0.942785506239529,0.17472796518410838,0.786610441066847,1,3.45,1.7,0.73,0.33323175374802405,0.10097508152452084,0.7406274587515804,1,1.96,0.73,0.3081348980526092,0.8367797702911844,0.8794214265642104
Bottle89.png,1,6.18,3.07,0.1553814420769849,0.7688317995842545,0.0012326089812375596,1,1.99,3.07,0.88,0.20020340224723132,0.6785127337346545,0.5810317909069825,1,1.81,0.88,0.7194459660848999,0.6931887654529266,0.5040468931871083
Bottle90.png,1,5.58,2.62,0.003015023250794835,0.9802686341115302,0.3235477925215632,1,2.24,2.62,1.41,0.4362255818328068,0.9949493668991772,0.1972360610638766,1,1.92,1.41,0.28510450419306066,0.6551797034203177,0.24214709378240196
Bottle91.png,1,5.51,2.04,0.0907924054788497,0.015929154309168303,0.5521646134526945,1,3.33,2.04,1.24,0.5017264258494513,0.3869453118128404,0.9360642736805534,1,1.73,1.24,0.6245298910826766,0.9674646444922735,0.23259437034597574
Bottle92.png,1,5.73,3.86,0.5952656017801772,0.46064991882047923,0.656303861821939,1,3.43,3.86,1.48,0.5952257079452944,0.5098167055607437,0.06689824644734177,1,2.0,1.48,0.42602853092405135,0.0019690589170984207,0.6869266053343593
Bottle93.png,1,6.78,2.47,0.7364922252153425,0.6586909787625244,0.1224191646915519,1,3.83,2.47,0.81,0.1276085899770103,0.8303603676999044,0.32192297750398535,1,1.7,0.81,0.3119445966917008,0.8415745322225118,0.2886705171028251
Bottle94.png,1,5.32,2.74,0.5423838928094362,0.8734160228305452,0.5952982871131333,1,1.89,2.74,0.73,0.9671240992065495,0.6925708876863025,0.33101482544443905,1,1.7,0.73,0.6275477941602208,0.01462209308799478,0.07622843390806777
Bottle95.png,1,7.19,3.68,0.5563220463841101,0.775070099733783,0.5454925476164273,1,2.61,3.68,1.34,0.20247391453983854,0.8470127162125943,0.5449677623991284,1,1.55,1.34,0.021219917117021425,0.6451229545791889,0.8138948717647732
Bottle96.png,1,5.53,3.73,0.8911999020727719,0.23888309690361753,0.4024007056536071,1,3.09,3.73,0.52,0.944150142750185,0.670295493420053,0.3334797017784832,1,1.94,0.52,0.48565696566137107,0.2696203907979189,0.7685959266017929
Bottle97.png,1,5.43,3.47,0.3834350668368942,0.13007143293579615,0.32891894887934725,1,3.43,3.47,1.06,0.11048487723281086,0.48025706113154853,0.5100718487810754,1,1.95,1.06,0.29018545446343535,0.08765040638306121,0.6474297423848142
Bottle98.png,1,5.77,2.46,0.09329225032686228,0.7724148543198704,0.8797327386314262,1,3.82,2.46,1.27,0.5162278028471246,0.850505289450652,0.3968422455540479,1,1.56,1.27,0.1207747816877276,0.30722719147774313,0.46192576034408994
Bottle99.png,1,6.32,2.84,0.2195132677993673,0.9012481454259553,0.6613233672411999,1,1.5,2.84,1.16,0.11896110989305131,0.028278343905969283,0.201002255131418,1,1.79,1.16,0.15760757740822018,0.431082035388742,0.4040730370011719
Bottle100.png,1,5.54,3.89,0.14528334201998483,0.7955977009073472,0.1871069740076695,1,4.46,3.89,0.95,0.19829908570201693,0.2282688087065038,0.9230122175216767,1,1.92,0.95,0.5231619028540112,0.5469255741298127,0.3109100213589008
Bottle101.png,1,6.1,2.82,0.6988450886956414,0.34266435495408465,0.6235012248968105,1,2.45,2.82,0.96,0.2938697232308273,0.7090329236704423,0.9109197306350142,1,1.85,0.96,0.1723263521456,0.5101959853493756,0.5231574154916068
Bottle102.png,1,5.99,2.39,0.8414673838322917,0.9643670436844145,0.6648751520506851,1,3.51,2.39,1.32,0.4397279864660044,0.9890263410188214,0.5859624249809132,1,1.68,1.32,0.6675179310549828,0.3008910229850972,0.26573745779222435
Bottle103.png,1,6.08,3.08,0.7683607259245743,0.9222166429534442,0.7474729350890089,1,3.35,3.08,1.09,0.06195992348074009,0.042637237794809324,0.48531691517334596,1,1.56,1.09,0.017648395469383682,0.6439210684424284,0.319098028939075
Bottle104.png,1,5.95,2.69,0.6398592860428363,0.2896586099749401,0.09390294355803785,1,4.0,2.69,0.96,0.9718860636318416,0.5524303679496617,0.3780357643581681,1,1.65,0.96,0.7491328740650368,0.20210099305945928,0.22214135239466914
Bottle105.png,1,5.74,3.69,0.843392273433949,0.08689562234010462,0.7195589079171137,1,3.36,3.69,0.96,0.48669657253711174,0.8010013678340366,0.5802602318253037,1,1.97,0.96,0.2036689721357935,0.6728237036243405,0.1166194244743688
Bottle106.png,1,6.06,3.77,0.6359970958696223,0.3376843583078153,0.6754372569885007,1,3.17,3.77,0.93,0.9663339052313336,0.585939336406704,0.6164386606222602,1,1.56,0.93,0.8320823800023743,0.3626171741806331,0.5508282012992614
Bottle107.png,1,6.26,2.87,0.3919118907436159,0.875858135752459,0.21207511634563858,1,4.13,2.87,1.28,0.3521137923070057,0.6082300990330152,0.5794685856376551,1,1.57,1.28,0.6061713012406389,0.9323447559376937,0.5024593394870279
Bottle108.png,1,7.25,2.89,0.18683624865159498,0.9214341725261801,0.6279310068942606,1,2.87,2.89,0.97,0.28200603853609263,0.56167016133425,0.4788086007429043,1,1.63,0.97,0.19053552483255431,0.8831979025532802,0.8569894447250562
Bottle109.png,1,7.21,2.18,0.9814125018898477,0.04921138612843767,0.16420495834443627,1,2.48,2.18,1.33,0.4296081039132561,0.08590610945666999,0.3635946323484779,1,1.77,1.33,0.27763340407380765,0.58965065689029,0.5887308358810168
Bottle110.png,1,7.08,3.93,0.47910101266196947,0.48188951610083586,0.8750604929411184,1,3.44,3.93,0.65,0.6104005882009831,0.17697115802264507,0.11489554152783066,1,1.88,0.65,0.9350383816937172,0.11604701463734268,0.32703509358597227
Bottle111.png,1,7.12,3.29,0.2803725489916925,0.6841770835643896,0.303593451812061,1,3.4,3.29,1.2,0.5498087313347545,0.4190273993505419,0.16538870533368988,1,1.57,1.2,0.12170406142690893,0.8143992786978879,0.611458086232208
Bottle112.png,1,6.88,1.57,0.780346845394041,0.32710879732475295,0.3414580768272638,1,3.45,1.57,1.0,0.949166152683402,0.5115111656414464,0.8276152888121839,1,1.53,1.0,0.37184182417039735,0.835155950558475,0.7305141142233302
Bottle113.png,1,6.47,2.71,0.47202799930979034,0.1913839766506481,0.9524857770288432,1,3.97,2.71,0.52,0.05664438190388743,0.8602901856817483,0.20678823205895147,1,1.62,0.52,0.3588409994627797,0.49573318964309243,0.8487123578264197
Bottle114.png,1,5.62,2.95,0.2170805418197509,0.148226854311455,0.42024508259611204,1,1.78,2.95,0.66,0.21358868575037726,0.07369135022841466,0.04839622063687454,1,1.8,0.66,0.057889880293407026,0.9584376197019819,0.8100837721022724
Bottle115.png,1,5.23,3.0,0.2545730334164561,0.9258926565902602,0.04453141166801611,1,1.92,3.0,1.14,0.4477022640022583,0.024724986360089574,0.9101927090565458,1,1.99,1.14,0.5491595547366317,0.9651573198971182,0.18687790309540064
Bottle116.png,1,5.41,2.36,0.26169125235771984,0.6787261533424656,0.3468780473811379,1,3.42,2.36,0.71,0.45823543656345656,0.2922938097944324,0.06482404647595019,1,1.75,0.71,0.0037199440008939266,0.1708463243759839,0.9645417754532104
Bottle117.png,1,6.08,3.82,0.5478790294540618,0.000861062069903995,0.06668200959367954,1,3.71,3.82,0.66,0.4866141351470673,0.8745717056110647,0.4193148217041788,1,1.79,0.66,0.6234223913455574,0.9175325226774792,0.0694336144282035
Bottle118.png,1,7.08,2.56,0.3647461217559138,0.18591610773276457,0.54006474753075,1,2.59,2.56,1.43,0.31326586079206564,0.26925550858353064,0.8407438535115274,1,1.91,1.43,0.8095989605277419,0.7505807561806752,0.6816343669431095
Bottle119.png,1,7.48,3.16,0.17711780046908232,0.11315559640929274,0.7282859076540612,1,2.98,3.16,0.81,0.26026194810706405,0.11226640437299096,0.746991263034038,1,1.82,0.81,0.7050442363390446,0.31099956195863887,0.835809746741926
Bottle120.png,1,6.21,3.7,0.7537594282965625,0.5655832646037311,0.43807384424808815,1,1.54,3.7,0.53,0.13938976412165516,0.3479333133053025,0.8503387048813709,1,2.0,0.53,0.09894212846514827,0.34079861722098426,0.6360827232433566
Bottle121.png,1,6.55,1.68,0.930915360897348,0.40512546900569635,0.6620036923084942,1,3.38,1.68,1.08,0.08321621379442934,0.46335511972730137,0.3913392340688201,1,1.55,1.08,0.1547734686734379,0.16766644129763397,0.9572966398417024
Bottle122.png,1,5.39,3.35,0.06925104663710147,0.7310395894018159,0.6587138230148627,1,1.72,3.35,1.06,0.5411200468472337,0.07296885106396456,0.7876232834260977,1,1.93,1.06,0.8335618529730783,0.6660613948899364,0.06902901031771425
Bottle123.png,1,5.77,2.14,0.05558190367543192,0.759717903894735,0.46109379681007334,1,2.93,2.14,1.35,0.7271658331551432,0.28427553201331135,0.4439997747591865,1,1.63,1.35,0.5461473881663769,0.3154295689658626,0.746484939998576
Bottle124.png,1,7.15,2.84,0.6242583755189381,0.39698219836171456,0.7955123486256251,1,3.86,2.84,0.91,0.8237453155831309,0.48648477743416896,0.21685959453069237,1,1.66,0.91,0.4748247936005302,0.6703358841807411,0.5036321890141741
Bottle125.png,1,7.19,3.57,0.5013167153619947,0.6541192293742236,0.9283104267940524,1,2.92,3.57,1.07,0.2931353726205239,0.41099874681807713,0.624135536092967,1,1.67,1.07,0.79138129482358,0.23408534783182156,0.3376110375672653
Bottle126.png,1,6.08,3.61,0.6144602442425987,0.4912651474050397,0.7132499717222717,1,3.66,3.61,0.74,0.00460354723919576,0.15384527495211375,0.31045738378458454,1,1.78,0.74,0.8933121060456274,0.5023475695125026,0.5389847155330204
Bottle127.png,1,5.42,3.25,0.4072879875766462,0.3388856272980191,0.28885413344082667,1,1.68,3.25,0.85,0.7239494566174678,0.3907027950431853,0.16305116869450653,1,1.91,0.85,0.2546637497086992,0.9616041943470056,0.03177292204754589
Bottle128.png,1,7.26,2.11,0.517140121184569,0.802078318713158,0.6136979324459343,1,2.62,2.11,1.38,0.7867718671741192,0.9974831464254483,0.7967866207860607,1,1.59,1.38,0.16231405071929328,0.5112567397816139,0.1054613653847688
Bottle129.png,1,6.94,2.08,0.47639772679294434,0.6914861055543982,0.12268538460619693,1,2.59,2.08,0.63,0.5350130335080514,0.6662646735675527,0.8539174818192091,1,1.74,0.63,0.23123498596676306,0.17144582355828686,0.9867222668874414
Bottle130.png,1,7.31,1.6,0.34144209094758415,0.013215082472778139,0.4261665960057798,1,2.54,1.6,0.74,0.5022913650691951,0.7045957261948986,0.48294728154817734,1,1.94,0.74,0.8713744053036726,0.4586904997172956,0.6309455978685138
Bottle131.png,1,7.11,3.42,0.006033076645910795,0.7972345330639101,0.6465508548398049,1,2.5,3.42,1.28,0.8497457540548363,0.8943229682911966,0.36162145708303384,1,1.64,1.28,0.7627968532497732,0.7753068249516588,0.7147304351136178
Bottle132.png,1,6.9,3.26,7.362698891599795e-05,0.4360923192704279,0.8226100059220138,1,3.07,3.26,1.49,0.3772353020765541,0.9512609330834517,0.26721191766448715,1,1.99,1.49,0.6995369613602944,0.8449015514214625,0.39756289568620584
Bottle133.png,1,6.17,1.79,0.08555200177692845,0.08134186223492723,0.5667593630609403,1,4.36,1.79,0.52,0.6135810214788846,0.8185126851340758,0.20223292843825347,1,1.9,0.52,0.17387738419354515,0.07249232594167743,0.3675719216196668
Bottle134.png,1,5.7,3.59,0.6298251892234341,0.5638336672954114,0.7577404907643822,1,2.09,3.59,1.06,0.13884047909290442,0.5940750952915828,0.3233026175841752,1,1.73,1.06,0.386850137532308,0.9586447805031162,0.22068783360003563
Bottle135.png,1,6.0,3.07,0.6540936477672543,0.7935992815187569,0.31941052659468594,1,4.32,3.07,0.68,0.376885771621875,0.7044881654896549,0.5278121164503325,1,1.5,0.68,0.23526278478079976,0.49488339444395424,0.44258132192035093
Bottle136.png,1,6.46,2.53,0.9543570775273453,0.45304983819941447,0.41226828301283636,1,1.69,2.53,1.06,0.5141797427786671,0.12923851366862038,0.7383426777195631,1,1.94,1.06,0.42792794947333335,0.41692180025684444,0.14990474093834627
Bottle137.png,1,6.25,2.93,0.850723415081876,0.236686121859075,0.9256030458803324,1,4.29,2.93,0.76,0.4597184799046804,0.37499590637705205,0.014362006516857151,1,1.79,0.76,0.04435857201967375,0.22148673647329087,0.3950177335005559
Bottle138.png,1,5.77,1.67,0.345155545074056,0.39019476480188775,0.44492382629683047,1,3.39,1.67,1.3,0.8224362104005304,0.9158855049862976,0.6703556621232938,1,1.86,1.3,0.5432738268428107,0.8054978020871549,0.5037941321033772
Bottle139.png,1,6.49,2.39,0.5993003780896305,0.7578814853445379,0.8996203488986482,1,4.45,2.39,1.41,0.3601710914799632,0.0439729056761502,0.12436561233191068,1,1.68,1.41,0.42248752694978187,0.20387735495434955,0.12380021515773221
Bottle140.png,1,6.4,2.78,0.7922229665752842,0.6533081438463656,0.5131256480684074,1,2.88,2.78,1.13,0.41744887488901894,0.3589035509739845,0.5204465607688512,1,1.95,1.13,0.6135257537960794,0.06702013695589715,0.09435326417089962
Bottle141.png,1,6.67,2.36,0.7926815097306502,0.7469222574193894,0.14468803831304633,1,4.25,2.36,1.09,0.9350825769343022,0.8994984202619501,0.3792391597754762,1,1.65,1.09,0.7197076613446312,0.8536014935013264,0.7009257345923324
Bottle142.png,1,6.78,1.56,0.22175365936986102,0.9374415484960438,0.3167179214913436,1,2.87,1.56,1.45,0.48565044841049265,0.9955257447320368,0.6665204638561569,1,1.76,1.45,0.13477500633502404,0.22344916145431848,0.6310606640278584
Bottle143.png,1,5.26,3.54,0.4053699019357685,0.9948706669770602,0.25794791310260445,1,2.55,3.54,0.69,0.9196028548113337,0.22681404797768423,0.47776443087956944,1,1.91,0.69,0.8060246572670181,0.19284947631077676,0.5873458657645921
Bottle144.png,1,5.11,2.09,0.9785555241526936,0.11554661100250851,0.03465136950047698,1,3.54,2.09,1.22,0.23698488397303175,0.03444330360157821,0.8210956313659601,1,1.59,1.22,0.12107898710270659,0.2698546893367798,0.5230655838306821
Bottle145.png,1,6.5,2.06,0.41668310856677604,0.35861872465957045,0.2513644175575185,1,2.33,2.06,1.01,0.30219229565703776,0.6680162742363743,0.95771148882647,1,1.85,1.01,0.06934554103602397,0.2990348642453886,0.07373812741860486
Bottle146.png,1,7.36,3.48,0.8578021475591342,0.9238142397282146,0.3894418326633121,1,2.6,3.48,1.02,0.5285113897930648,0.9939429944687206,0.12330465958815018,1,1.7,1.02,0.681399749271736,0.91583901479517,0.07149617114490292
Bottle147.png,1,5.33,3.49,0.7495816203659044,0.24544726854769694,0.44699285371423425,1,4.03,3.49,1.25,0.7217899891784897,0.6250566947644385,0.7947994404404776,1,1.73,1.25,0.9332924014405113,0.6647428888838474,0.19556638864170806
Bottle148.png,1,7.32,3.62,0.5323090734585226,0.46190485358276867,0.2882057502904748,1,3.11,3.62,0.59,0.35518531264812736,0.5228295365755283,0.31845165301688194,1,1.74,0.59,0.4062100401247065,0.20793995943913834,0.07883081394613056
Bottle149.png,1,5.41,1.92,0.8106264590894652,0.7492498727441369,0.09906678827909432,1,2.41,1.92,0.75,0.2196059846627706,0.6904810725082136,0.903457779885646,1,1.76,0.75,0.9058754913865334,0.42182557444762236,0.7929430893511371
Bottle150.png,1,6.36,2.36,0.5162212097010567,0.8989376289609221,0.4399444160008764,1,1.84,2.36,0.98,0.43356074346422946,0.21288280971625495,0.8581621135958599,1,1.97,0.98,0.08168786173526799,0.8679119161048924,0.8931785240187662
Bottle151.png,1,6.37,3.02,0.08153494320839916,0.24852902892317152,0.538379146864354,1,4.21,3.02,1.43,0.4622031550926622,0.9435889293893033,0.3685145813233883,1,1.66,1.43,0.38938556994467965,0.6586044103456393,0.28359756371770517
Bottle152.png,1,7.3,2.34,0.0958314892165244,0.4507998722767059,0.5354202844076136,1,2.81,2.34,1.16,0.4427348156035953,0.16563954005357662,0.8863199811421297,1,1.62,1.16,0.2858484274184635,0.6504145287470363,0.20088508069817146
Bottle153.png,1,5.06,3.58,0.25850521620910083,0.09193092971987782,0.7207701257856705,1,2.81,3.58,1.46,0.15119911112732665,0.7304147349715917,0.8267993284917025,1,1.71,1.46,0.6274249943196716,0.8659586516909582,0.7362231248572203
Bottle154.png,1,7.01,2.69,0.5827966708484418,0.36684656455172027,0.43501577893672383,1,2.52,2.69,0.91,0.5992008941552232,0.8839881133268822,0.5013737700668176,1,1.78,0.91,0.06682899004293275,0.3625199974410648,0.5503647031318668
Bottle155.png,1,5.79,3.0,0.7772953839891182,0.9082330154755106,0.925787366704187,1,3.2,3.0,1.36,0.33275678008679,0.053890167463641725,0.8648917644695541,1,1.92,1.36,0.5819724798877879,0.2112862745262305,0.35226331797389243
Bottle156.png,1,7.04,2.36,0.2716931740759696,0.21409060429986937,0.4178874117746275,1,1.54,2.36,1.33,0.9205019004908409,0.7955175361645745,0.008207640450777376,1,1.52,1.33,0.3352832046513501,0.5962348994273947,0.653620755306952
Bottle157.png,1,7.36,2.01,0.24429715724249323,0.3309797795064352,0.007727127200899742,1,2.29,2.01,0.6,0.7289909564566873,0.9262789734263659,0.3984697689242698,1,1.68,0.6,0.9033202212367974,0.20882125821134678,0.1559009750956989
Bottle158.png,1,7.4,1.76,0.16055950167630295,0.26780133617990165,0.11217154299949239,1,3.99,1.76,1.36,0.22920709732987454,0.581640213831555,0.8800954887966104,1,1.52,1.36,0.1250911146817959,0.5134875742734907,0.7968262474198565
Bottle159.png,1,5.53,2.27,0.3726953072694563,0.009910137700832822,0.14179017600795318,1,1.67,2.27,1.29,0.8693853265105292,0.9459677064680988,0.09108271573930815,1,1.67,1.29,0.10240398690806796,0.46361964936270206,0.2493709012839076
Bottle160.png,1,7.25,1.81,0.20772430461038627,0.00959604802285896,0.5283222906811319,1,4.22,1.81,0.71,0.9490298567687713,0.0019958849883907614,0.7678825712561914,1,1.5,0.71,0.8642297750321711,0.38818877592314227,0.5453551296323139
Bottle161.png,1,6.19,1.54,0.0879112591416733,0.35161730230602495,0.9840188523069773,1,2.78,1.54,1.37,0.18093581372511292,0.9554448776107,0.037384059497759026,1,1.71,1.37,0.7359168070217281,0.4228949129761982,0.9066357560325018
Bottle162.png,1,5.76,2.8,0.8640368798981474,0.3131113035770693,0.9061000213147824,1,2.52,2.8,0.59,0.16084709195160174,0.12662482480409776,0.3178931947035505,1,1.72,0.59,0.06939190693374675,0.43108343497456425,0.3230648667374234
Bottle163.png,1,5.16,1.95,0.5813121100570013,0.5960029819800514,0.847165070082996,1,4.31,1.95,0.81,0.5565880457277259,0.2649416321657754,0.9019529564624388,1,1.82,0.81,0.8218428997167974,0.1487730842294679,0.5408759436828277
Bottle164.png,1,6.08,3.73,0.7291942184303167,0.5837101051891296,0.5204711664464722,1,3.17,3.73,1.32,0.5408042215411213,0.6499266336507936,0.06490043229155129,1,1.65,1.32,0.322098752348285,0.11057787293010146,0.8539569576946875
Bottle165.png,1,5.12,3.11,0.40550702448099896,0.5572025551860416,0.2949374980077587,1,3.9,3.11,1.11,0.6594195587500493,0.07987606662535851,0.09810893578874857,1,1.62,1.11,0.977569135654694,0.13470435718183815,0.15639092198448412
Bottle166.png,1,5.17,3.03,0.9362467147641677,0.35505643382110685,0.9812928202410974,1,3.64,3.03,1.23,0.2031181803824461,0.025932719515480596,0.11765595213643976,1,1.83,1.23,0.8780601512398933,0.9912384893688444,0.8004543894264471
Bottle167.png,1,6.04,2.52,0.03808772522619719,0.38697857403920255,0.666612130335863,1,3.84,2.52,0.99,0.9341867018151033,0.4116178145686161,0.4803734457851936,1,1.82,0.99,0.31850452897617965,0.7304298079285568,0.34193125939557745
Bottle168.png,1,5.91,2.38,0.5895528009149977,0.9921309175589271,0.8838136388174116,1,3.22,2.38,0.59,0.711228580225219,0.5279288261965676,0.885740721651087,1,1.62,0.59,0.03726630223607841,0.555358214470263,0.057835783230482773
Bottle169.png,1,6.86,2.09,0.8963649486634847,0.5739454483908009,0.3187386266449732,1,1.88,2.09,0.76,0.4690582332983201,0.49500966730831775,0.22228287742400377,1,1.64,0.76,0.19875083425850915,0.3661282432167686,0.6818400374116088
Bottle170.png,1,5.07,2.46,0.7913266330855562,0.7369947286313702,0.611848710026894,1,1.67,2.46,1.1,0.9628662062178214,0.16081850628665573,0.16174722486749848,1,1.7,1.1,0.827784960778213,0.15060359296865355,0.6615974087707572
Bottle171.png,1,6.99,3.64,0.9134544810086657,0.4053608889305139,0.9837742399634459,1,3.68,3.64,1.01,0.6367683697826213,0.09726827605145283,0.864833680290294,1,1.95,1.01,0.002160851777171069,0.9221891669891272,0.7606477999672713
Bottle172.png,1,6.84,2.5,0.18093455767016942,0.3682217588759801,0.9201508837352338,1,2.89,2.5,1.05,0.4689912891195185,0.7448144533712858,0.08285692254552635,1,1.55,1.05,0.9061723673946614,0.08572644687319297,0.8551004436630943
Bottle173.png,1,6.03,2.23,0.037802538116531226,0.36070823881683634,0.4136058668166799,1,2.12,2.23,0.85,0.03887484949376274,0.8547634786822002,0.7158791707339545,1,1.9,0.85,0.8103371961093986,0.9183464633107215,0.3216107923981385
Bottle174.png,1,5.64,2.66,0.5426423318492414,0.8606051427396599,0.8119129395033484,1,1.74,2.66,0.64,0.19581312756376779,0.6892202486325596,0.8501251904176022,1,1.86,0.64,0.058612398478163796,0.1378987661324641,0.7464060137964024
Bottle175.png,1,7.26,3.41,0.012976678983396384,0.034296555159498365,0.7011087772044114,1,2.12,3.41,1.37,0.5983462800629922,0.8403342335116603,0.5859408442215789,1,1.64,1.37,0.4440565722526467,0.7221559405569682,0.24676259121633803
Bottle176.png,1,5.91,3.64,0.33817349586311396,0.8544115756052121,0.5074336846939929,1,2.67,3.64,1.15,0.9796618114897094,0.6982491662425413,0.24337021185098873,1,1.71,1.15,0.6138309233763737,0.852947445389793,0.4282058396219136
Bottle177.png,1,5.89,3.28,0.5718652260849383,0.6985689475479689,0.13207517127186486,1,1.54,3.28,0.96,0.4890359408251601,0.9313305855457331,0.2138236138660654,1,1.8,0.96,0.8753706592553768,0.8249684711495271,0.335085734827274
Bottle178.png,1,6.52,2.06,0.9631260984332285,0.41220934463833825,0.16268939549654493,1,4.26,2.06,0.77,0.32619964711387106,0.28712423004974164,0.8342607578245336,1,1.54,0.77,0.6233543655325813,0.247249458586825,0.4582008533707834
Bottle179.png,1,6.22,1.62,0.9776796867629014,0.18635954122696052,0.8316273576034148,1,3.65,1.62,1.24,0.7502434643316916,0.933350682458121,0.3958638398325828,1,1.96,1.24,0.9928453693704498,0.03316914394900772,0.9560850913178935
Bottle180.png,1,6.29,3.98,0.7145414693676625,0.25670438194523515,0.938617120234472,1,1.75,3.98,0.78,0.5122940652616312,0.36426147753911164,0.7989422755613171,1,2.0,0.78,0.14965756477324577,0.02425485807030392,0.7864219670645913
Bottle181.png,1,5.07,3.81,0.6931326307977417,0.4895215312834301,0.3428410058976481,1,2.37,3.81,1.48,0.8888702523029745,0.8996732117155722,0.04655532243355698,1,1.81,1.48,0.9305145214528999,0.7480773394071255,0.6884707804213996
Bottle182.png,1,7.04,2.81,0.6281032127795472,0.029951810123226008,0.8534379620131184,1,1.59,2.81,1.16,0.2553630353274894,0.6248138141154811,0.8695963528706927,1,1.63,1.16,0.9086186461468027,0.2908067650101651,0.3590176920718505
Bottle183.png,1,7.23,1.69,0.27604204060676973,0.37119372526412964,0.13519200551502486,1,2.75,1.69,1.49,0.6957268274959735,0.11678293124422823,0.5531031711625793,1,1.99,1.49,0.4212845475818656,0.43200566413490615,0.9692206791612563
Bottle184.png,1,5.01,3.02,0.6518504526228096,0.5516824318370006,0.09348974942197474,1,2.74,3.02,0.66,0.08749719989632465,0.13368577388287028,0.7905706619461044,1,1.97,0.66,0.7478962522108962,0.6329881361838074,0.2883688224481388
Bottle185.png,1,7.42,2.61,0.9893129412781139,0.7723347400529125,0.5146694128912025,1,3.23,2.61,1.49,0.5301298266706798,0.8084742160192107,0.39628993616383557,1,1.77,1.49,0.8796691083820859,0.16637290161963247,0.07040810096303052
Bottle186.png,1,6.41,1.75,0.24810899119094276,0.8980033944368491,0.8572786261828754,1,2.74,1.75,1.26,0.09808450807485669,0.5352941341047588,0.1610693947203511,1,1.63,1.26,0.7656888741359683,0.8518135683415171,0.22742893386018992
Bottle187.png,1,5.22,3.88,0.9370576408449772,0.1845349047535073,0.594250128031676,1,1.74,3.88,0.89,0.11757866654222315,0.014717358140574066,0.45592227141143316,1,1.86,0.89,0.04882645370532668,0.125012742849686,0.2465095007918079
Bottle188.png,1,6.46,2.02,0.4767234370732568,0.10083475337653702,0.5961916383216729,1,1.74,2.02,1.48,0.19278365522177976,0.6994016821933956,0.8395065703750081,1,1.99,1.48,0.31994049126776747,0.47490568052962334,0.8087383014421676
Bottle189.png,1,5.13,3.87,0.6964630037288873,0.10149252173289436,0.02024902316753019,1,2.06,3.87,1.25,0.8035522665169174,0.07449902276051623,0.3773693675053945,1,1.59,1.25,0.46010213069200256,0.7427326530049859,0.6639573167892242
Bottle190.png,1,6.24,2.35,0.6528085548827876,0.5306381043830252,0.47462145047386683,1,2.05,2.35,0.69,0.5968749714080738,0.6884448151195007,0.21062803318784185,1,1.68,0.69,0.42717883777531096,0.16901992474854866,0.0928327521799881
Bottle191.png,1,7.08,1.82,0.4731284714171501,0.09612502502858256,0.33935981418333727,1,2.36,1.82,0.55,0.6237790872029699,0.12648445228739202,0.931212914712786,1,1.67,0.55,0.9613572855896213,0.6090173294733953,0.30389697734589893
Bottle192.png,1,6.45,3.96,0.9113818284252103,0.8396305859930251,0.083870486768863,1,2.68,3.96,1.13,0.5542728065844035,0.5931914032316861,0.19067292664361957,1,1.9,1.13,0.43618905010754816,0.7239875637248636,0.9782788120249108
Bottle193.png,1,7.13,1.96,0.5920405338894826,0.7751139261324483,0.7826746481769968,1,3.58,1.96,1.39,0.9180861807293715,0.2954921223793796,0.4436195892251025,1,1.82,1.39,0.6062705515098495,0.12920406014241537,0.2548998942875699
Bottle194.png,1,5.37,3.53,0.8649850102714443,0.9219616016138746,0.6782611055882645,1,3.15,3.53,1.05,0.28902313971890325,0.41788819618043216,0.505083994421686,1,1.62,1.05,0.498979546212706,0.08192797896745874,0.17413363080774524
Bottle195.png,1,6.75,2.98,0.8590297449926673,0.082803454046809,0.6803618805712254,1,1.72,2.98,1.06,0.10116492315776215,0.6290484023832518,0.7492168261918022,1,1.86,1.06,0.30441439758792965,0.43302360881327073,0.2303530473192441
Bottle196.png,1,5.5,3.51,0.6062558928969971,0.5782493022214928,0.2600795350854156,1,2.42,3.51,1.1,0.06994890878489557,0.31952415476038354,0.6569527624695195,1,1.61,1.1,0.6128503358819254,0.07170816315967177,0.6794586647022135
Bottle197.png,1,6.57,3.5,0.646640227253317,0.5742563354763748,0.4228960687269324,1,3.23,3.5,1.35,0.4873749147447882,0.9253268409843752,0.07117365698333034,1,1.62,1.35,0.8363942521231117,0.9031713081164017,0.38561231267091023
Bottle198.png,1,5.77,2.24,0.855517899127693,0.8441831860917725,0.4420010278663252,1,4.06,2.24,0.69,0.7384048971281887,0.6003918299162422,0.46527860321471703,1,1.78,0.69,0.4506000580109545,0.20412047224873786,0.5845051313972031
Bottle199.png,1,5.29,3.77,0.010291044907883018,0.517764600524542,0.45155543151766864,1,4.13,3.77,0.58,0.4203812559015395,0.6517669328440665,0.4995293250284364,1,1.82,0.58,0.5532325500775588,0.9476608080214944,0.9061547637511014
Bottle200.png,1,6.79,1.81,0.10228505719900804,0.27808651942535956,0.5058750189684244,1,4.32,1.81,1.23,0.8354173833180802,0.2918740069370568,0.7973428524011016,1,1.53,1.23,0.5031169341223868,0.7969265357763766,0.1571590503269028
Bottle201.png,1,5.44,2.95,0.46364458141683673,0.47990620604266176,0.26269378895746187,1,3.28,2.95,0.87,0.0345255593307775,0.7020144135952252,0.8466285362752027,1,1.81,0.87,0.6817777703189369,0.34222526465965775,0.28004139580093546
Bottle202.png,1,5.59,3.81,0.38080254932812796,0.17117499962699467,0.46933127223030924,1,2.05,3.81,0.5,0.9638007169447778,0.9924387477398061,0.061413558151663716,1,1.58,0.5,0.9339298633816283,0.4323767531848195,0.8922771822314771
Bottle203.png,1,6.92,2.18,0.4357192878505586,0.8319033200339049,0.9752830197881063,1,3.41,2.18,1.3,0.9573526619197005,0.697855429812551,0.26061582599429245,1,1.58,1.3,0.8283018161370266,0.6606266699284834,0.3940058075653249
Bottle204.png,1,6.5,3.59,0.9426405214885547,0.7901938248610239,0.6865774263626309,1,1.93,3.59,1.11,0.8660431426606565,0.9783845771416364,0.8882869076082106,1,1.67,1.11,0.03992357055453255,0.5735733606856844,0.9075132508732598
Bottle205.png,1,5.83,1.96,0.37897485870858627,0.8121558164964164,0.3370558690131752,1,3.14,1.96,0.93,0.7736521749752675,0.38036343270742357,0.30809692962603485,1,1.51,0.93,0.9036406617456461,0.8726001888339712,0.7438016728304992
Bottle206.png,1,5.07,2.81,0.13519604556876175,0.2069276764720106,0.2718656035438064,1,2.43,2.81,0.68,0.020802734236463505,0.5089426781646277,0.8987420995881551,1,1.86,0.68,0.7810513039830045,0.6836826994670425,0.39998463120350747
Bottle207.png,1,6.66,1.51,0.48484214397386516,0.8216733244582786,0.14715460741408093,1,3.78,1.51,1.27,0.3289819162795745,0.1257665082106988,0.7996310687278725,1,1.58,1.27,0.45957021693529476,0.8204127185620963,0.9723210813845768
Bottle208.png,1,5.26,2.46,0.832835609464794,0.8657460478434655,0.21688894074505005,1,3.58,2.46,1.42,0.7576728881680947,0.7915943770708882,0.055224672262728425,1,1.51,1.42,0.29500739529436804,0.3205308462296067,0.39135636028817555
Bottle209.png,1,7.22,1.73,0.10192108295399271,0.8481328970965751,0.643155414513513,1,2.6,1.73,0.64,0.9489861214718573,0.4713799313738736,0.5792549738309484,1,1.78,0.64,0.9982127361025578,0.9989584150526379,0.6980743644688989
Bottle210.png,1,6.39,1.88,0.2701165806207113,0.23509093946874504,0.2196384007694503,1,2.1,1.88,0.9,0.23692807252228187,0.038522619615904974,0.7372375333697868,1,1.9,0.9,0.2910178844540917,0.6556548353990578,0.662090961516784
Bottle211.png,1,5.53,2.81,0.35285209947958907,0.8523228725998926,0.6378645509724163,1,3.19,2.81,1.07,0.8815729827535327,0.9994415493383565,0.8166395436612174,1,1.94,1.07,0.3294031655599702,0.6364334237490881,0.5259120267895443
Bottle212.png,1,7.15,1.85,0.4000980959317165,0.9921263729010529,0.5095926519988826,1,1.98,1.85,0.65,0.26377879777069746,0.12538194379516432,0.6836660936139749,1,1.78,0.65,0.251003821029402,0.1746769318159399,0.8059619070581645
Bottle213.png,1,5.15,1.79,0.6297194287028596,0.7931713660055799,0.28362047453405803,1,2.09,1.79,1.01,0.9676754394610194,0.6979276478351814,0.73259210480897,1,1.89,1.01,0.313163967061756,0.9537309121812234,0.20686574752674824
Bottle214.png,1,5.82,3.48,0.8480898432615555,0.9147710421731978,0.052885897953004135,1,3.52,3.48,1.16,0.4358483147011317,0.27031971172138325,0.202283466986091,1,1.55,1.16,0.10317592749628757,0.8036961352187164,0.05749209500072139
Bottle215.png,1,5.23,1.52,0.7704290399540551,0.3475507224369496,0.8107781492180657,1,2.86,1.52,0.87,0.8123012035754523,0.5013403522887258,0.30666659950472397,1,1.97,0.87,0.42837465847336464,0.6780987568378686,0.38675422906461576
Bottle216.png,1,7.21,3.6,0.8974393290778431,0.9699332549936659,0.21515675448574434,1,4.3,3.6,1.26,0.044900068419282846,0.29893906815247706,0.789428756748439,1,1.74,1.26,0.08462182690388864,0.4012931090771953,0.2263291042372162
Bottle217.png,1,6.54,3.76,0.49994352298284084,0.8654245387726699,0.17977154318510002,1,2.17,3.76,0.74,0.8745965747306295,0.4848361818391562,0.4560468912691261,1,1.76,0.74,0.10559041511390077,0.5795310969226044,0.8335300858713794
Bottle218.png,1,6.89,3.44,0.14560705701559096,0.19309789621918227,0.5433974401363665,1,3.65,3.44,0.5,0.0026572022810382734,0.8275916073375,0.7514699535227085,1,1.97,0.5,0.17140347773033315,0.3749922835939308,0.8228383253959989
Bottle219.png,1,6.21,1.99,0.4292007643747806,0.2909240352797491,0.2897134152694325,1,4.36,1.99,1.04,0.17197794852751158,0.31770440049843096,0.5892995935862042,1,1.61,1.04,0.9349630984962043,0.6554785175166815,0.8788334197075672
Bottle220.png,1,6.82,2.78,0.34595523229317693,0.06589226063660658,0.5637213861396031,1,3.4,2.78,0.5,0.15989728157376137,0.12522745175970829,0.4025023665627274,1,1.56,0.5,0.3668994579137568,0.05356850816328995,0.863075060898804
Bottle221.png,1,6.82,1.8,0.8899062791639711,0.21957310011623055,0.4281008632335417,1,3.38,1.8,0.8,0.7126542393710703,0.4179895258578341,0.04310893641735136,1,1.69,0.8,0.8947732388311727,0.939260572493611,0.18138055150304688
Bottle222.png,1,7.49,2.32,0.4056767708593255,0.9404757814605169,0.9389002720423926,1,3.19,2.32,1.16,0.3239616662386081,0.3386434338237506,0.5563535463427215,1,1.57,1.16,0.7357834190256692,0.002890770609049742,0.6576042241362573
Bottle223.png,1,7.38,3.8,0.3695724273358445,0.7766868399499447,0.002795219931347792,1,3.73,3.8,0.67,0.9580494131188783,0.2907924204610485,0.735932114885612,1,1.81,0.67,0.3869443165724459,0.20722879672440342,0.5489672573169366
Bottle224.png,1,5.63,3.01,0.5244007305497531,0.4184740624324744,0.7907153092715766,1,1.99,3.01,1.46,0.3320826672590683,0.44736117244780693,0.10673949082745093,1,1.61,1.46,0.5327903414564029,0.2943012197502217,0.48295798622791364
Bottle225.png,1,5.27,2.86,0.4647463880422994,0.60564847753892,0.02017035260621547,1,4.0,2.86,1.25,0.017447012574096976,0.5718952138511837,0.369652074163879,1,1.95,1.25,0.13318018137584775,0.22585719265818316,0.4427929756303616
Bottle226.png,1,5.5,2.07,0.07356262940771285,0.17165711840401066,0.2999917045094622,1,2.79,2.07,1.42,0.45627733345941646,0.42887330175268457,0.9333408165767826,1,1.65,1.42,0.7616890440132791,0.9530054026757827,0.6136538697207558
Bottle227.png,1,6.61,1.98,0.7070629883612489,0.4102139450912857,0.9492792648534764,1,4.43,1.98,1.47,0.10536059708670997,0.8706114628505532,0.8530389865644026,1,1.55,1.47,0.7335076498668962,0.13098420538872801,0.60285183174432
Bottle228.png,1,7.46,2.23,0.42749607875846896,0.10357230714818044,0.8866543094203863,1,3.97,2.23,1.43,0.17621307415917264,0.29255592830552324,0.9542194533729229,1,1.54,1.43,0.5258678213957592,0.9847645204854054,0.5591657522087466
Bottle229.png,1,5.44,2.0,0.3132333930831044,0.9826029836236351,0.02091375441670651,1,2.73,2.0,0.99,0.8480212604471766,0.5658693276731234,0.38848330175848067,1,1.93,0.99,0.714782335573812,0.577446926253773,0.08489492984086244
Bottle230.png,1,6.84,3.13,0.16031656000233352,0.9954465655915116,0.5066144829712276,1,2.78,3.13,0.54,0.8361328734107624,0.3605415882281846,0.03146182648025264,1,1.91,0.54,0.9772240437091444,0.5265771404203762,0.5017975360180679
Bottle231.png,1,7.28,3.65,0.2959345534643584,0.7035757560958442,0.7790353010150678,1,1.58,3.65,1.08,0.701690896252416,0.7121631368852225,0.6515716281152973,1,1.7,1.08,0.5244704950388356,0.0011858758553868753,0.08695743611374218
Bottle232.png,1,5.08,3.88,0.6228386800401722,0.6494578485072003,0.4401772929210347,1,2.21,3.88,1.24,0.23527123720850396,0.7268205016851862,0.33858228291417314,1,1.52,1.24,0.9344090604143805,0.18404359856996344,0.2840904728700141
Bottle233.png,1,5.93,3.49,0.6418339943896813,0.12768798727601915,0.8410408359025792,1,2.52,3.49,1.3,0.15987712574121127,0.4411010575960598,0.5246088957845472,1,1.55,1.3,0.8903295884400778,0.8333260566261063,0.06779841322344693
Bottle234.png,1,7.04,3.81,0.4620901895123086,0.35900844496965445,0.12958896555677957,1,2.61,3.81,0.76,0.4945937399643864,0.808999779919994,0.3501924493207782,1,1.76,0.76,0.3280474511377951,0.6426750322436774,0.2875644236297138
Bottle235.png,1,5.35,2.33,0.5122956147323288,0.6825292027743379,0.8745526496070067,1,3.68,2.33,1.2,0.8380770026388336,0.9639465337906805,0.7463279781021172,1,1.82,1.2,0.5027631608112437,0.29342238430028034,0.03196845318111974
Bottle236.png,1,5.19,3.41,0.1607013128705379,0.20926496204971023,0.07847433902509693,1,3.08,3.41,1.12,0.1054954537103181,0.80667616844561,0.048618208662071005,1,1.83,1.12,0.25707254168215343,0.7994733395229593,0.6605682845320912
Bottle237.png,1,5.97,2.18,0.8869484921171031,0.726360543218139,0.09638544521507775,1,1.69,2.18,1.03,0.9314566094979673,0.8416088478944479,0.5032749384300977,1,1.88,1.03,0.8965015250350106,0.5401774222324637,0.38327160081683964
Bottle238.png,1,6.58,3.2,0.3536827649839457,0.390148119556853,0.39657081730481747,1,2.44,3.2,0.91,0.4387653489065765,0.9248830657376815,0.5844175679407025,1,1.59,0.91,0.6174577976027307,0.4243772828906498,0.48724305180143856
Bottle239.png,1,6.44,3.86,0.5202024856345341,0.9940520845706423,0.21512232996151615,1,3.35,3.86,0.69,0.5985427626132488,0.9522044814366076,0.00235543155020157,1,1.95,0.69,0.027939642702401235,0.4163642579370309,0.20457877122825796
Bottle240.png,1,5.46,2.51,0.4821107059369979,0.989787422164788,0.717540341674693,1,2.93,2.51,0.8,0.5805623440370468,0.38916589160062365,0.6506553576745262,1,1.97,0.8,0.7341548842445489,0.44097488113603756,0.6418111886464416
Bottle241.png,1,7.18,3.27,0.07779228684972195,0.1775267582849348,0.184374357284657,1,4.26,3.27,1.07,0.5130091002736632,0.39231004189867225,0.016315226356450552,1,1.79,1.07,0.4263389642401638,0.28487584169789104,0.002392481588985529
Bottle242.png,1,5.59,3.07,0.5361619100628516,0.7792939951604553,0.6646772690501634,1,4.3,3.07,1.25,0.1753070987946802,0.7249232037678152,0.9154073022648406,1,1.56,1.25,0.7948395833176215,0.8536463165374412,0.9045825855036576
Bottle243.png,1,6.0,3.92,0.27765339176023873,0.04272348593119335,0.06164517316551765,1,3.85,3.92,1.24,0.44235346629230476,0.9872943814177274,0.11858913100131219,1,1.88,1.24,0.8318000905342673,0.5332664498389905,0.9633381839969033
Bottle244.png,1,6.34,3.59,0.37411812557045243,0.2771094341018041,0.6167083508091236,1,3.0,3.59,0.55,0.4941149703510552,0.6843036736512532,0.4640363354834244,1,1.94,0.55,0.8279449066998812,0.8811195470081689,0.7874497130789073
Bottle245.png,1,6.75,3.49,0.8406717482214523,0.19960194600271264,0.9892206336472064,1,1.87,3.49,1.32,0.6282975590441018,0.24953368570268364,0.024226638478480944,1,1.97,1.32,0.8149865994832625,0.96459684750882,0.2908879569630952
Bottle246.png,1,5.08,3.57,0.34918531652464635,0.2041286121931961,0.7652320101978074,1,2.32,3.57,0.94,0.9395475972695879,0.4030891949891,0.7165729878317605,1,1.64,0.94,0.7113653489923681,0.4719734137466689,0.4231984993064294
Bottle247.png,1,5.98,2.66,0.5499833045450466,0.9839294886323308,0.34445254401791225,1,2.01,2.66,1.13,0.5301354340722352,0.07682575274926695,0.3784441895661774,1,1.85,1.13,0.45834587420466677,0.7879958731787456,0.5457006197359148
Bottle248.png,1,6.11,3.79,0.8585506871274687,0.5488229090014386,0.24695407528632896,1,3.33,3.79,1.05,0.22649978453172614,0.5225534749003511,0.13578831654495038,1,1.76,1.05,0.9782448596555247,0.755851961555722,0.770163970147179
Bottle249.png,1,7.42,3.5,0.1207456581166958,0.5569779432672423,0.0221950327458178,1,3.04,3.5,1.26,0.6676623307627472,0.4307998238099424,0.9757798088290657,1,1.76,1.26,0.30440214482336847,0.5962947449971715,0.5900119212920629
Bottle250.png,1,6.48,2.38,0.9601038444925403,0.0064579543354643665,0.8461765131477831,1,4.06,2.38,1.2,0.7553912476012071,0.5006138356416172,0.01948317909038566,1,1.55,1.2,0.22542502620254734,0.5343971565608839,0.7464295730885924
Bottle251.png,1,5.41,3.93,0.6247799512670439,0.03202319145505328,0.7161706357905543,1,3.27,3.93,1.29,0.5409425726998192,0.22566654545243836,0.7597455797255538,1,1.93,1.29,0.3135545862201834,0.1055589778554551,0.620761933103179
Bottle252.png,1,5.76,2.49,0.9319656122502842,0.563801397698751,0.8890229482630542,1,3.86,2.49,1.22,0.3218246981119003,0.6645526277297991,0.5656422683485742,1,1.75,1.22,0.6018479592209582,0.18282336689487821,0.920168470811371
Bottle253.png,1,5.71,3.49,0.5355207820061371,0.9320457277923194,0.9960909911642362,1,3.87,3.49,1.28,0.20563082227602458,0.063129932655132,0.41893400516392487,1,1.97,1.28,0.2268791886510677,0.9534885517522712,0.8623721724397295
Bottle254.png,1,5.54,3.69,0.3956120962296028,0.8710258705604378,0.4140182213657363,1,2.67,3.69,1.12,0.2840836167647499,0.4143549907537344,0.3235961772089939,1,1.5,1.12,0.4105715456753889,0.5911276283488072,0.691030383348589
Bottle255.png,1,6.55,1.68,0.416411827632322,0.4166779165044062,0.8673708821137037,1,3.79,1.68,1.39,0.891697274119256,0.12459429889714324,0.2194025385470969,1,1.54,1.39,0.15148899664836268,0.055487888294499355,0.5041827366791496
Bottle256.png,1,6.86,1.59,0.25775817503686516,0.9908337389619548,0.04487798449014224,1,4.42,1.59,0.65,0.8606163988567859,0.8215666378044013,0.6731454593166859,1,1.68,0.65,0.5520066982956628,0.6430621122777282,0.7263447407726069
Bottle257.png,1,7.39,2.76,0.4943939285975827,0.21081886748164969,0.09899394641600068,1,3.49,2.76,1.23,0.9669984449708748,0.35981857006833307,0.5501306487667689,1,1.58,1.23,0.09280141235785277,0.48737178533121495,0.08217117500222249
Bottle258.png,1,6.67,3.24,0.9873875572253894,0.8267670928774988,0.3767805328282148,1,4.09,3.24,1.28,0.6888504188177688,0.13954890885061355,0.37913368967556105,1,1.76,1.28,0.2706611677981391,0.5539938865057156,0.6602018639528325
Bottle259.png,1,6.94,3.85,0.7041920010787798,0.283624730068469,0.4487441498192052,1,3.47,3.85,1.11,0.2578038711649776,0.741664207667334,0.3629056638806746,1,1.66,1.11,0.06507710795143407,0.06194055264481435,0.7912973462394287
Bottle260.png,1,6.11,3.32,0.18684674541678292,0.9246227414300213,0.12435837478824052,1,4.5,3.32,1.25,0.24365404266601554,0.8413164712486776,0.359010180132206,1,1.81,1.25,0.8707999961703565,0.956690050532473,0.9107631192234115
Bottle261.png,1,6.26,2.3,0.5831409775424954,0.8405851733983645,0.2789270039297863,1,1.99,2.3,1.39,0.20140990922814295,0.36914912429548397,0.7490716362860572,1,1.65,1.39,0.5830414460709511,0.23575454951528296,0.5586361908642317
Bottle262.png,1,5.5,3.91,0.5762599427455516,0.2609663295604572,0.8166734713227884,1,3.79,3.91,0.66,0.7581467930976228,0.44866086845012954,0.0064524981656128855,1,1.77,0.66,0.45534459687846374,0.21094071565005534,0.09089372489487668
Bottle263.png,1,5.29,3.14,0.5473446143251612,0.4825140945501878,0.12656764165901102,1,2.16,3.14,1.36,0.8719126110777785,0.13385420817983495,0.8386626414165144,1,2.0,1.36,0.18016920383725943,0.987466890822297,0.3336603541243496
Bottle264.png,1,6.48,2.84,0.02838507940661239,0.43547654608194986,0.3217041534155598,1,2.83,2.84,0.64,0.6154470519877442,0.9130503052682976,0.7253744810731205,1,1.51,0.64,0.33521764326896675,0.7115053028296972,0.1881650346066963
Bottle265.png,1,5.04,3.72,0.4413465039022082,0.17936914513173596,0.015395083409393662,1,3.41,3.72,1.22,0.05148336812603782,0.5991677023888982,0.6266842978408904,1,1.94,1.22,0.6086895761107812,0.907965403417576,0.06645872020437427
Bottle266.png,1,6.19,3.47,0.38423876084852926,0.16940347804503952,0.4540482251801248,1,3.7,3.47,1.0,0.29481094316122125,0.127796986229615,0.9805052018321172,1,1.83,1.0,0.7235326385025381,0.3008628043149636,0.08126567929047546
Bottle267.png,1,6.34,2.12,0.7671040420027763,0.8785454644267396,0.3638616568725451,1,1.83,2.12,0.77,0.623173041615232,0.7206797701786528,0.6232943022975203,1,1.7,0.77,0.13280933300054387,0.8550822013795467,0.589344382253359
Bottle268.png,1,7.42,2.94,0.7827377778180976,0.7288179378983131,0.8623380208678354,1,3.37,2.94,0.59,0.5673990661878953,0.6909969671419105,0.8214511286966694,1,1.5,0.59,0.5730713119661659,0.8288575488960135,0.8545873656632883
Bottle269.png,1,6.76,2.19,0.16531922014287903,0.7449572304633107,0.4763889267851563,1,4.09,2.19,0.53,0.23141461347714942,0.6226137571961395,0.9607024314005445,1,1.87,0.53,0.49648856012721587,0.29797983968015906,0.768121001577219
Bottle270.png,1,5.66,2.86,0.5337151764297337,0.4245110930587406,0.749349089835141,1,4.0,2.86,1.21,0.7737333916783643,0.891791787035297,0.371742464195026,1,1.98,1.21,0.05149419709839831,0.7356204160897453,0.1958522581525045
Bottle271.png,1,6.77,3.35,0.5842930448813597,0.16249761790473116,0.5776756849066182,1,2.14,3.35,0.52,0.5343005041459175,0.543586075699492,0.7284331762513748,1,1.9,0.52,0.9885122388884532,0.6156130929528215,0.6824655565993887
Bottle272.png,1,5.49,3.69,0.6376867711361034,0.6650729289482089,0.1986139064920901,1,3.1,3.69,1.08,0.2580643372813669,0.49535067127041066,0.7187755198307221,1,1.62,1.08,0.6170362243880723,0.7826752483838182,0.5599120304850285
Bottle273.png,1,6.86,2.85,0.6244587314211316,0.3040775944591204,0.40566027095744517,1,2.07,2.85,0.84,0.27130400447136915,0.2054114604184566,0.0017505505125546827,1,1.65,0.84,0.209748461192108,0.16585663337134293,0.49709476915114803
Bottle274.png,1,7.36,3.74,0.026931033701254048,0.031788307054066545,0.27151125281041055,1,3.99,3.74,1.0,0.783116415892949,0.10145321898546622,0.6822039467960863,1,1.95,1.0,0.9345292401796808,0.5075403159902083,0.6778396019201064
Bottle275.png,1,6.52,1.72,0.875830475512369,0.40081976055027757,0.6897385840504274,1,3.95,1.72,1.45,0.3868469411390192,0.323199105581658,0.7469120326849921,1,1.61,1.45,0.5444355980481221,0.8485443579051548,0.9619328440491944
Bottle276.png,1,6.5,2.1,0.35116128896701193,0.225064698935456,0.4768767770954333,1,3.98,2.1,0.76,0.5159687963088958,0.14764671748603497,0.540233824352405,1,1.51,0.76,0.3056583050486611,0.07090636452116661,0.7450491902418727
Bottle277.png,1,7.04,3.61,0.9608706366469066,0.4481036371221371,0.9163181255728605,1,1.57,3.61,0.86,0.9758964430712859,0.8924441928254523,0.32186370789358787,1,1.6,0.86,0.47292027560425487,0.4668823287521977,0.9250707458293465
Bottle278.png,1,7.41,2.86,0.14009886461327004,0.189097496146018,0.3265198912880055,1,1.73,2.86,1.11,0.6952518201957968,0.13448092504936826,0.5596865646363777,1,1.51,1.11,0.22714733712507262,0.7637477478300098,0.8209239869330235
Bottle279.png,1,6.12,3.91,0.30578833415879714,0.7100545673376378,0.27230548989404835,1,2.39,3.91,0.74,0.13049312432926474,0.460457212605452,0.6991101462493159,1,1.72,0.74,0.5383212436470375,0.977406040136604,0.6849976897728828
Bottle280.png,1,7.49,2.66,0.8674718061384524,0.7723944302267468,0.9683552646545882,1,1.82,2.66,1.36,0.7396437537088958,0.8628789612675087,0.6066722973516749,1,1.99,1.36,0.8938543942361986,0.9831140037446539,0.40614817617002275
Bottle281.png,1,6.87,3.88,0.3487468468114564,0.38427582866708965,0.5962985275563342,1,4.41,3.88,0.78,0.9626490124234652,0.9108504521157398,0.5808739874720615,1,1.72,0.78,0.8787876926751852,0.9086054620370012,0.8885972501339772
Bottle282.png,1,6.02,3.31,0.11921123534913514,0.5470306389877724,0.44268118189025885,1,1.77,3.31,1.34,0.8380950202131343,0.24222191055702924,0.21307021423331263,1,1.77,1.34,0.028469273647526272,0.3968002320710332,0.5752116084300495
Bottle283.png,1,5.79,2.4,0.10275035678931577,0.17898517628300548,0.8735619485901721,1,1.51,2.4,1.05,0.8275663313208648,0.3300363485996096,0.0074260149758165195,1,1.54,1.05,0.960412528718194,0.7972917556783334,0.7432235385366381
Bottle284.png,1,5.52,3.52,0.14368447878574275,0.7957832703072227,0.7168869037603334,1,4.13,3.52,1.09,0.7672624383602905,0.27719002693287764,0.0639050888906243,1,1.97,1.09,0.961216436892162,0.08429980204892973,0.8284262487132348
Bottle285.png,1,6.08,3.42,0.009787453401087443,0.16831554097253965,0.8678838992932387,1,3.37,3.42,1.36,0.8435790740707118,0.6533267142584918,0.6315787191152084,1,2.0,1.36,0.7175814734624789,0.67436282237562,0.575757312997631
Bottle286.png,1,6.66,3.42,0.5503221417582521,0.7354084852452288,0.7671200995646086,1,4.09,3.42,0.91,0.3719347931755326,0.09482709357566732,0.7931175119076673,1,1.63,0.91,0.018787628141440416,0.8700910957009572,0.5581401577077076
Bottle287.png,1,6.05,2.74,0.8535741302160709,0.6962602363010674,0.8274022885664264,1,4.03,2.74,1.05,0.9832378877744545,0.4639559416386634,0.7959109846824572,1,1.73,1.05,0.06726209513772519,0.07213647243367627,0.2831654089308371
Bottle288.png,1,5.46,2.44,0.5776214849970134,0.3210135660634551,0.7700655428391382,1,1.73,2.44,0.53,0.34632245792527416,0.2021605984537529,0.40976275784600136,1,1.62,0.53,0.9184080183657962,0.6016947464800422,0.07741425580410755
Bottle289.png,1,6.16,3.34,0.1607772266882379,0.14630759564000928,0.8768018094609517,1,2.31,3.34,1.38,0.3828970036237027,0.4021889218569964,0.5727499585418072,1,1.88,1.38,0.6376638649713173,0.9882948270393265,0.9328617397896564
Bottle290.png,1,6.79,3.06,0.5528808942461522,0.48088221156054445,0.1769596603513336,1,1.76,3.06,0.89,0.5895983664292462,0.6404879407557453,0.00614540295422028,1,1.74,0.89,0.3760306463187386,0.32725983190605157,0.05401065281981654
Bottle291.png,1,7.11,2.17,0.2273226233515604,0.43886663550557825,0.06084995466738019,1,4.1,2.17,0.6,0.5374747452704098,0.11956035888884275,0.304560022110939,1,1.62,0.6,0.13649770427611196,0.35556983915401874,0.8866174987009927
Bottle292.png,1,6.05,2.3,0.1932108536983227,0.9488915394633677,0.22849360085877168,1,1.9,2.3,1.44,0.62007713234949,0.7520484884608447,0.9974558621267419,1,1.95,1.44,0.2975251836517204,0.30126295635720923,0.6384422050297157
Bottle293.png,1,7.43,2.6,0.8844276186023751,0.8379113770553777,0.8309849177766073,1,3.1,2.6,1.44,0.8402336599927087,0.022889998955419433,0.876206754811569,1,1.74,1.44,0.2196085230634761,0.733892741565588,0.8098259338348056
Bottle294.png,1,5.26,3.56,0.026069466886067483,0.1744469051283427,0.12840889555208723,1,3.34,3.56,0.66,0.19905537961863196,0.601868481903333,0.5918033486741763,1,1.83,0.66,0.5048475198288499,0.18976626223674353,0.8915599306223645
Bottle295.png,1,5.31,3.63,0.8465971213923854,0.8394595074001715,0.4372350998830308,1,3.21,3.63,1.06,0.004937979222054856,0.2022991662024115,0.6110799724530611,1,1.52,1.06,0.5719336839494954,0.8554352340148053,0.612962101758587
Bottle296.png,1,6.75,3.38,0.8796692440659254,0.5636808386863155,0.5343625211263496,1,4.1,3.38,0.99,0.7452236583687164,0.8229229607003961,0.9830579231881205,1,1.51,0.99,0.9905988094930923,0.28690742494297305,0.15791013622033234
Bottle297.png,1,5.06,1.65,0.9792180837845493,0.7976846426519891,0.9512704913557384,1,3.06,1.65,0.61,0.7984011296049875,0.5884896491630006,0.42587666317661743,1,1.73,0.61,0.3726171706473913,0.9982762183963243,0.4338793088574462
Bottle298.png,1,6.41,2.98,0.11295254639014563,0.7816486343675338,0.36758629259557163,1,3.82,2.98,1.28,0.5788305957440945,0.31343615765256383,0.11331959928368263,1,1.98,1.28,0.31533424055872694,0.07493023850440728,0.9033565501896876
Bottle299.png,1,5.76,2.59,0.9987369602971814,0.7234137211003724,0.2766181346816263,1,2.56,2.59,1.02,0.49920458357877306,0.38672882357660543,0.07913714812035444,1,1.61,1.02,0.8545885914169147,0.18154397058896976,0.1955791909166924
Bottle300.png,1,6.38,3.17,0.0497558596511416,0.361206489993218,0.4008397020543647,1,2.8,3.17,0.7,0.8356551007378465,0.3325746809429788,0.22128588185759146,1,1.78,0.7,0.8347528014645336,0.7568139338772322,0.284653317901845
Bottle301.png,1,7.05,3.77,0.13326960557791234,0.33079433653601364,0.022721411067786135,1,2.23,3.77,1.42,0.8800939395744011,0.43364372614642654,0.6890251886564679,1,1.85,1.42,0.8203209423843063,0.3746675756821788,0.9770912885408385
Bottle302.png,1,5.88,3.43,0.5409699781614603,0.3991036494599902,0.1099553067629796,1,3.73,3.43,1.17,0.5933438463817984,0.2871820742237827,0.34562774824915143,1,1.86,1.17,0.08900223832167864,0.43901148464910356,0.7189022216617876
Bottle303.png,1,5.56,1.64,0.02423170310546041,0.735632221711258,0.03592433524396299,1,1.88,1.64,0.77,0.24559228407080247,0.32458630411764755,0.485554233785392,1,1.88,0.77,0.030605463753074158,0.3860320981053399,0.06958039670897376
Bottle304.png,1,5.1,2.21,0.02681286820181983,0.08250759548695963,0.4316687975096507,1,1.61,2.21,0.72,0.9438776964350334,0.9277131484051488,0.8873999923702885,1,1.97,0.72,0.8375561709639393,0.9976227278086703,0.0034864967595652496
Bottle305.png,1,5.78,1.72,0.22649790440527384,0.6601909955305225,0.12479962195988636,1,1.97,1.72,1.12,0.8492178988120146,0.6070059753111048,0.6520325362145443,1,1.99,1.12,0.8294856660292408,0.5401195050093919,0.2786438713372025
Bottle306.png,1,7.48,3.37,0.34923295324277204,0.8359503794626119,0.4555928444466558,1,3.41,3.37,0.67,0.06307898991504379,0.09617909235866762,0.7274555439501195,1,1.96,0.67,0.7124775452772576,0.09316353617623374,0.5701935263022081
Bottle307.png,1,6.38,3.48,0.8402727788805106,0.2523411128683104,0.1681617869995916,1,3.11,3.48,1.06,0.48981553353211804,0.9134448619445771,0.1190490700243666,1,1.51,1.06,0.9860303549331395,0.7844316205520999,0.2713464729775876
Bottle308.png,1,5.32,2.99,0.3401006546770391,0.20391182326363755,0.8451755882088269,1,2.14,2.99,1.25,0.5338983019270771,0.4375107132066687,0.9421585416726331,1,1.61,1.25,0.7858762677583213,0.3872421130445426,0.16370210600948265
Bottle309.png,1,6.86,3.43,0.3344072038861292,0.38592476498900863,0.23084591296435608,1,2.9,3.43,0.6,0.4195106928856013,0.6399562428121972,0.5369786141038817,1,1.63,0.6,0.37667929604599626,0.39414286263428544,0.435568124132898
Bottle310.png,1,5.71,3.57,0.6151244913145765,0.5322919169531709,0.44686482974483355,1,4.47,3.57,0.86,0.4430933545878166,0.6679615269690429,0.44208250356999734,1,1.69,0.86,0.502948747086443,0.785310485805382,0.5726917858071433
Bottle311.png,1,7.35,3.0,0.44292351637353433,0.6944221445751877,0.5536968154684677,1,2.29,3.0,0.56,0.5629202561268699,0.7853701017710049,0.4361324993191994,1,1.67,0.56,0.23525886561796883,0.43767997479646914,0.5511700976027979
Bottle312.png,1,5.23,1.57,0.8891181048046238,0.5036299042985742,0.5317288308597076,1,4.32,1.57,1.18,0.8924113416206544,0.17510788138083666,0.2703335547558303,1,1.55,1.18,0.9240667430075,0.9345203091088995,0.8440748407290793
Bottle313.png,1,5.44,1.9,0.9390828043112855,0.040151189460673864,0.645458411917662,1,4.0,1.9,1.16,0.3147636213252558,0.8540210777770854,0.13480021368866402,1,1.84,1.16,0.6379567831013252,0.39589161491958236,0.38451365788299174
Bottle314.png,1,6.96,2.73,0.8696906483307959,0.49365875997471664,0.9616242078056297,1,4.12,2.73,1.34,0.5435224761402365,0.1303110966121539,0.20548909370522372,1,1.67,1.34,0.8229308620404896,0.8807074526951442,0.3045339403624062
Bottle315.png,1,6.62,2.19,0.4924704493972082,0.8665247271893005,0.9639536916562492,1,4.48,2.19,0.68,0.899631361549061,0.3064696675877896,0.428245966549637,1,1.79,0.68,0.3979856244487736,0.822869181910851,0.565283524580583
Bottle316.png,1,6.49,2.57,0.4927772622084857,0.44789881725343395,0.47092551062680055,1,2.38,2.57,1.24,0.16121523948489902,0.26299832623963004,0.9952693085307736,1,1.86,1.24,0.2922448527206437,0.8516604708419723,0.28265977534104414
Bottle317.png,1,5.47,3.38,0.9179939353251028,0.9632594951832957,0.8927591672474011,1,2.65,3.38,0.94,0.5522726978541846,0.8056135406258492,0.36779392117871956,1,1.86,0.94,0.30781451885049904,0.9351394973047916,0.5104744084917463
Bottle318.png,1,7.36,2.83,0.0024354300512692273,0.9373299342646754,0.9024542697115884,1,3.8,2.83,1.09,0.6169425965348058,0.9052723486684545,0.6091271059393552,1,1.8,1.09,0.2917518379344325,0.39150550239576076,0.6701769842784707
Bottle319.png,1,5.58,3.93,0.34846381939135396,0.4400741102144069,0.08000729412982566,1,3.73,3.93,1.47,0.928404133549361,0.9642704916760487,0.8850759645439283,1,1.69,1.47,0.2278109822583546,0.48622954377633587,0.40666594256258193
Bottle320.png,1,7.25,2.71,0.38620594465734526,0.37522502819813985,0.678366486604532,1,2.51,2.71,0.86,0.5136968436746362,0.5921937285530152,0.8594338043722403,1,1.65,0.86,0.9335739625405829,0.0020145562109383786,0.6065490924409285
Bottle321.png,1,5.93,3.67,0.8308983137699069,0.39585017066805184,0.08739621630391403,1,3.39,3.67,0.73,0.6088514686755734,0.9901200926750252,0.2342858334788318,1,1.96,0.73,0.6440302543175506,0.5941595089493487,0.03195648022542896
Bottle322.png,1,6.08,2.13,0.06219806486209445,0.8984389829273618,0.07281420491890533,1,2.64,2.13,0.95,0.07255173960572836,0.6810068620769227,0.23333754353822822,1,1.65,0.95,0.9994594086298201,0.6091027539518491,0.5358149303855705
Bottle323.png,1,5.32,2.07,0.07216320589071357,0.59456832728846,0.981027107770534,1,2.83,2.07,0.92,0.6804954295417115,0.9807161666655121,0.1121985339280861,1,1.81,0.92,0.4084234469178778,0.2803150101398708,0.41364983261559973
Bottle324.png,1,5.31,2.93,0.5897268676536431,0.4910692302852331,0.1824189305740085,1,3.39,2.93,0.67,0.539970787592647,0.9319248264390857,0.8307647847734755,1,1.8,0.67,0.5480092089055073,0.7046698314665699,0.41164789187959383
Bottle325.png,1,5.63,2.46,0.2566899585369974,0.351189360521053,0.18337926278581895,1,2.55,2.46,0.82,0.858167313265143,0.7832196604936227,0.90430754154607,1,1.59,0.82,0.3690654258401034,0.7881267847058043,0.1831876991641832
Bottle326.png,1,5.29,3.21,0.5702213014686306,0.491008556078422,0.43768877355235836,1,3.02,3.21,1.08,0.4712068597169329,0.4878257387254472,0.18635545029377165,1,1.51,1.08,0.17133592612569104,0.01133836835931945,0.5345062811093937
Bottle327.png,1,7.44,2.17,0.38859248139324476,0.22781859007624172,0.3797113099025057,1,4.27,2.17,0.69,0.047154331134982685,0.022155985644894738,0.9468401950636433,1,1.96,0.69,0.8338490124000948,0.7019678936175456,0.4134603750847896
Bottle328.png,1,5.14,3.63,0.9049731757466869,0.7655939666878627,0.7612821048086345,1,2.93,3.63,0.61,0.30442167707859935,0.5572391206812091,0.03159827897740619,1,1.52,0.61,0.5259754075674787,0.607431227500037,0.5446683719253044
Bottle329.png,1,5.69,1.51,0.9920773209857567,0.9925562502469406,0.6885570778516362,1,1.98,1.51,0.67,0.7653617154875803,0.6780033916468694,0.01296434681828873,1,1.6,0.67,0.890574603239364,0.49087174068521544,0.5712221667807845
Bottle330.png,1,5.98,2.19,0.39675562662985053,0.6872447669932633,0.6933235203112166,1,3.5,2.19,0.64,0.12029251142666175,0.8736752180801259,0.7936603712919812,1,1.83,0.64,0.8806271297390389,0.16748772937140344,0.15140274262797204
Bottle331.png,1,7.09,3.2,0.6799241470555779,0.32859408538597235,0.7584665313588761,1,3.19,3.2,1.41,0.8443991314828401,0.6956315718723104,0.262820241991803,1,1.82,1.41,0.4620052421483051,0.08614637355862298,0.18158113354478644
Bottle332.png,1,5.94,2.3,0.6902499929634457,0.6091540997925734,0.09822015973407949,1,3.41,2.3,0.73,0.83741281903292,0.465255746204145,0.27427220085065385,1,1.96,0.73,0.7358479338321039,0.31480147829612093,0.32956693037233564
Bottle333.png,1,6.75,2.48,0.045427376061218494,0.25451049856294117,0.40159719258272264,1,2.34,2.48,0.82,0.7479784833093248,0.33381282843627,0.6637679633374112,1,1.69,0.82,0.2890976346119897,0.4360447750979517,0.20171648459614366
Bottle334.png,1,5.18,2.52,0.1336408985685802,0.5289303691075322,0.9853242001491709,1,3.01,2.52,0.53,0.719169469008676,0.8087788501093486,0.6960663869093705,1,1.85,0.53,0.8890815181701558,0.543576620787596,0.969651695408768
Bottle335.png,1,5.56,1.85,0.33440752803714435,0.9774606418225636,0.950378146746389,1,2.11,1.85,0.94,0.6338834848929138,0.9077740181100622,0.3753832782858335,1,1.52,0.94,0.08687766738563096,0.7927298484722307,0.12498645163086652
Bottle336.png,1,7.04,2.07,0.9711957481001338,0.5990700207878529,0.679962706474438,1,4.49,2.07,1.39,0.7814590210737792,0.5823066217518905,0.8155814116776505,1,1.66,1.39,0.25513987207690314,0.18049913343575952,0.9780075038822332
Bottle337.png,1,5.39,2.6,0.6016106415407947,0.782329451788641,0.6670976282067862,1,2.14,2.6,0.7,0.5929662130952151,0.8490717451806534,0.20276105496060337,1,1.57,0.7,0.21790760101174256,0.10613763565071344,0.02936926303699572
Bottle338.png,1,6.02,3.63,0.6493534021852468,0.31337719849221135,0.9077798223619441,1,3.5,3.63,1.03,0.9732583549286717,0.29551029606769386,0.20632414873715232,1,1.74,1.03,0.07113129085191117,0.949430916980142,0.6807453624353228
Bottle339.png,1,7.33,3.89,0.4617460812007399,0.11638296732644204,0.9873345902204009,1,2.48,3.89,1.12,0.2758721244498291,0.12559620670570548,0.7213649707676725,1,1.61,1.12,0.49999787684979247,0.9033928017474996,0.7169731704143267
Bottle340.png,1,6.27,2.78,0.8374141559628371,0.1267895316989588,0.18641377999533326,1,1.82,2.78,1.11,0.7517318068626443,0.326228474774934,0.1981417145417379,1,1.92,1.11,0.13793439408285768,0.4027535344738772,0.8209193430210157
Bottle341.png,1,6.07,3.22,0.2524399318038003,0.27199701164264245,0.6665727842706232,1,3.13,3.22,0.91,0.03420696211430063,0.7846400886153345,0.5748025546837132,1,1.88,0.91,0.7509924654657565,0.6073088387932061,0.8918105140815737
Bottle342.png,1,5.54,1.57,0.04840415956714095,0.5867109234008513,0.3946940842711033,1,3.5,1.57,0.77,0.2577060536003981,0.8555627439837385,0.24362901764952116,1,1.89,0.77,0.651208631937999,0.7388804880319795,0.8495907724831798
Bottle343.png,1,6.05,2.02,0.6295778332300707,0.8947290084298949,0.8905923522548853,1,2.94,2.02,0.66,0.39184047046368053,0.7132743555351814,0.29890723816083686,1,1.68,0.66,0.6660117546644111,0.3083201400310456,0.8048889549596064
Bottle344.png,1,6.53,2.25,0.8919269334845944,0.5036700501350234,0.32023964081065326,1,3.2,2.25,0.77,0.2751832680616335,0.5296633418563339,0.09877896599068114,1,1.82,0.77,0.7109877325807072,0.19654840619543767,0.5554576564059317
Bottle345.png,1,6.98,3.03,0.42861447751448845,0.7656656010076839,0.8935303744574352,1,2.36,3.03,1.05,0.9703084865082057,0.13271877510056262,0.5262443067179154,1,1.66,1.05,0.8891113151070084,0.40989640331419364,0.38711565494027667
Bottle346.png,1,6.79,3.76,0.6681076096412009,0.9749370981234019,0.9214948120191587,1,1.72,3.76,1.06,0.8933892064291875,0.5752487422262712,0.9881153093992976,1,1.71,1.06,0.9675201082832642,0.7339766142231016,0.39475788032232006
Bottle347.png,1,5.2,2.62,0.1012015130771674,0.8343934137153106,0.2533397060798104,1,3.73,2.62,0.52,0.5484612093268,0.8488546029367258,0.6885751934571668,1,1.85,0.52,0.5069820273917096,0.648196205313437,0.12124168464592555
Bottle348.png,1,6.48,3.6,0.6847184921468734,0.2817527359826115,0.07347458791638706,1,2.95,3.6,0.87,0.6608407966251363,0.04065195878972594,0.9963835357733812,1,1.87,0.87,0.36217617137132707,0.6323048313384525,0.44949188365680015
Bottle349.png,1,5.71,1.61,0.8271661454107703,0.17397266524759258,0.9428901775728711,1,2.53,1.61,0.84,0.08004734467130104,0.6235421824664351,0.8228474430740859,1,1.83,0.84,0.7232608727189016,0.9201975041280702,0.9182530166214393
Bottle350.png,1,6.61,1.7,0.571679905459021,0.10906354465960955,0.46559345778140726,1,1.97,1.7,1.49,0.8064175080420224,0.3610804569924222,0.2970743731010077,1,1.88,1.49,0.8796412955368039,0.47223467901770266,0.6645974960510473
Bottle351.png,1,7.27,1.84,0.9761479281554681,0.6761549049963744,0.722210865610271,1,2.07,1.84,1.24,0.6409447673523148,0.23477424126907886,0.2982930241716504,1,1.74,1.24,0.6881508250184618,0.7562473471859156,0.4490893202955295
Bottle352.png,1,5.72,2.97,0.5260602304703401,0.9774024621520625,0.5024875565082833,1,1.8,2.97,1.33,0.7581339142559785,0.01688132144999166,0.6077263396669872,1,1.95,1.33,0.03590803228497863,0.1694845958635559,0.15967413422832455
Bottle353.png,1,6.16,3.44,0.22698500901583918,0.9893704825789853,0.45127979903525506,1,3.36,3.44,0.97,0.7995011359058984,0.48752712833792533,0.8324225568580367,1,1.52,0.97,0.9971085902359933,0.15093297789323934,0.1040771804989179
Bottle354.png,1,7.24,3.92,0.5011573991443826,0.4734747551413008,0.9175091463458505,1,2.89,3.92,0.95,0.9968190999275424,0.9252682482317218,0.23537910675112117,1,1.57,0.95,0.7307714708993293,0.1376406069711572,0.5163661830479545
Bottle355.png,1,6.94,2.7,0.28870857927749616,0.4271126546428894,0.8842711700868946,1,1.62,2.7,0.69,0.06619184990364702,0.10960783567653898,0.8472679343663702,1,1.91,0.69,0.8603787932399782,0.45141722245839555,0.27346887156847977
Bottle356.png,1,5.72,2.15,0.6641124003297353,0.04306487888954136,0.5611992847673309,1,3.68,2.15,1.24,0.9385570251080482,0.9142479650410154,0.2717306572320375,1,1.89,1.24,0.4624645451156133,0.31431479126610573,0.47235141118190405
Bottle357.png,1,5.45,3.13,0.746922186305463,0.8319703002131515,0.9858529379144123,1,3.54,3.13,0.99,0.5410080726168862,0.05097190538782492,0.15284103289822448,1,1.6,0.99,0.5203737727689464,0.6488077132101696,0.619003315727853
Bottle358.png,1,5.3,2.53,0.1992743134442787,0.7928495313011615,0.4511174098600924,1,3.8,2.53,0.53,0.8985385898299799,0.815302552646062,0.08506805873275125,1,1.73,0.53,0.9888039394663628,0.5109937268576756,0.19615412240101304
Bottle359.png,1,5.18,2.33,0.22467555490387958,0.23840581069997213,0.6146483496296723,1,1.88,2.33,0.86,0.46147800299310815,0.5646834627939906,0.652964501487089,1,1.53,0.86,0.5800711406665304,0.5321007251954122,0.32060756420996817
Bottle360.png,1,7.42,1.5,0.2538452590903306,0.928701456041913,0.498506050836519,1,2.49,1.5,0.53,0.5265063855924281,0.5569316087174494,0.7651389969307304,1,1.75,0.53,0.9102011978292491,0.9755472340221998,0.07587212456883641
Bottle361.png,1,6.01,2.47,0.0523980342518916,0.9306731545798669,0.6975736208527892,1,1.54,2.47,0.88,0.5871025708664267,0.34432143023184936,0.025951594752815055,1,1.72,0.88,0.33810795637008273,0.6649287659360072,0.34744278431838016
Bottle362.png,1,7.49,2.5,0.9417320478451653,0.029470148233712634,0.46056046461192257,1,1.6,2.5,0.82,0.3555380235367117,0.14309826504941903,0.13512999832167716,1,1.62,0.82,0.7276300751054069,0.8006736278247757,0.5111002066072495
Bottle363.png,1,6.37,2.95,0.5332788497649333,0.35791277104103925,0.5240436962672194,1,3.07,2.95,1.16,0.6963057236258741,0.37904704140107437,0.006967795050250025,1,1.57,1.16,0.8790794094415907,0.5445965932424242,0.7132921410395735
Bottle364.png,1,5.06,2.69,0.3226116136043665,0.9965313379580751,0.24835685687228537,1,3.87,2.69,1.36,0.555476540212355,0.7680320463671123,0.5989935530020002,1,1.8,1.36,0.35802801159154896,0.1624259545998309,0.9858667004402272
Bottle365.png,1,7.48,2.75,0.26876501793939667,0.7305516484001933,0.6660905072090513,1,4.46,2.75,1.05,0.7235563790797532,0.21741600883874623,0.5558099944309496,1,1.95,1.05,0.18483965969041316,0.4016286568185695,0.4248547999458231
Bottle366.png,1,7.08,1.56,0.04191506161935121,0.8000362811768751,0.3831177890710473,1,2.95,1.56,1.24,0.8859946080458985,0.6337012824095312,0.903828850733182,1,1.61,1.24,0.2512859900308635,0.4938813540509106,0.7470236508760731
Bottle367.png,1,7.4,2.98,0.41688138725991586,0.953853356754163,0.3367899592248701,1,2.39,2.98,0.65,0.14815342600348647,0.5778598939820175,0.5269154259304152,1,1.99,0.65,0.10048685835034066,0.8636259103370704,0.21777379611709424
Bottle368.png,1,6.74,1.62,0.024815011603859904,0.9657214568495838,0.03367331853362554,1,2.21,1.62,0.9,0.7701406047741776,0.8470365920823818,0.5712130482101964,1,1.52,0.9,0.7899049624039244,0.6995504026765617,0.7542209400618431
Bottle369.png,1,7.08,2.08,0.2244587918327713,0.7418134949129847,0.6238943281863369,1,2.83,2.08,0.97,0.6017509030063315,0.7263740830325659,0.37434468305102875,1,1.96,0.97,0.6317351118035914,0.4515202216138292,0.5333993272840959
Bottle370.png,1,6.25,3.12,0.699119019289265,0.7347132240635326,0.25420233392339386,1,1.95,3.12,0.54,0.1516932507151001,0.8165007666329055,0.7509665693479605,1,1.71,0.54,0.31680023130530177,0.6683843034687592,0.8888552476718574
Bottle371.png,1,6.02,1.88,0.9979622284075819,0.22306649766601805,0.7650374865717258,1,1.75,1.88,1.42,0.07109871129508061,0.09495578333578825,0.8046658962603512,1,1.6,1.42,0.3710437348251352,0.9363331982531911,0.3044570321616371
Bottle372.png,1,5.36,2.81,0.5281346796712328,0.44825267320743944,0.5357738669029494,1,2.27,2.81,1.43,0.1851513994389684,0.906972085269524,0.29885241348502833,1,1.81,1.43,0.9917442940255279,0.2687759701608671,0.8483143730697598
Bottle373.png,1,6.74,2.75,0.9656602733004033,0.5578465782595875,0.12248093978083852,1,4.49,2.75,1.09,0.4499064756285437,0.7745823790258686,0.3684561618896699,1,1.86,1.09,0.08438244063309963,0.9551833879406834,0.43426290612249063
Bottle374.png,1,6.97,2.13,0.06529071224955674,0.8750006503463198,0.577626346695994,1,4.41,2.13,0.92,0.031732814462616665,0.013179404782828086,0.38385274729577146,1,1.78,0.92,0.23265128141895652,0.9227274234819219,0.030618263633774956
Bottle375.png,1,6.4,3.59,0.19539552072336275,0.012757164108438745,0.6219756887093213,1,3.94,3.59,0.85,0.18154093972587582,0.23076181659708728,0.292621412546308,1,1.61,0.85,0.37197556278758537,0.33782341399843596,0.3268612771569518
Bottle376.png,1,5.84,2.69,0.6897222089834347,0.7261125832538347,0.23607307619848117,1,3.4,2.69,0.87,0.4408084788487544,0.6298205760324431,0.4438285838181196,1,1.72,0.87,0.6936250650226284,0.8545240093168077,0.6213394400437965
Bottle377.png,1,7.38,1.7,0.13829102096913248,0.5534882223133009,0.39259621060647476,1,2.91,1.7,1.1,0.8670549929736183,0.022004543534205,0.685138322712351,1,1.96,1.1,0.210056675646897,0.9543893369160891,0.243556442482736
Bottle378.png,1,5.9,1.96,0.9644417424239935,0.5085206586678013,0.3104963878429967,1,2.85,1.96,0.73,0.1910807788434984,0.3372261761925699,0.7478327006804678,1,1.56,0.73,0.98292067236257,0.15330534614687752,0.586783920807402
Bottle379.png,1,7.14,2.68,0.8727862183784121,0.024488006151257125,0.6431366305913274,1,3.18,2.68,0.92,0.09345110789787969,0.45782463570102394,0.8678696658311589,1,1.87,0.92,0.9433133839356801,0.7119810821056811,0.018448307388320817
Bottle380.png,1,5.28,3.08,0.6121637974569721,0.0639292152915174,0.27950991371402034,1,1.79,3.08,0.99,0.12339257250839775,0.6869227722513118,0.14696517387286723,1,1.68,0.99,0.35020860062916703,0.15390169104063478,0.9374015716092404
Bottle381.png,1,5.57,3.96,0.22992160798805472,0.44176148510295954,0.3908496505967738,1,3.05,3.96,1.39,0.9360468773611579,0.08070634638806962,0.013308092982159625,1,1.54,1.39,0.6341770381323207,0.7661236495199111,0.7436744484324317
Bottle382.png,1,5.21,3.82,0.6748873949994271,0.12243764901501519,0.7629518337804387,1,2.41,3.82,0.95,0.9458740499646174,0.018595167302399074,0.08931087544684624,1,1.63,0.95,0.46777499764114794,0.20565860523625445,0.47106820347049116
Bottle383.png,1,6.47,1.79,0.7330729497984708,0.7435519834192214,0.809264986978627,1,3.35,1.79,0.8,0.45651705858242275,0.3072207542174278,0.820265921690459,1,1.95,0.8,0.2919859954450186,0.3437683232257568,0.32584407759916667
Bottle384.png,1,6.33,1.59,0.9677124289177453,0.9582900063756143,0.2194858670213231,1,1.85,1.59,0.84,0.4051046655535505,0.2649656793786619,0.21551245261845642,1,1.73,0.84,0.01730593837435679,0.6630670099173147,0.23138304907646823
Bottle385.png,1,6.87,3.99,0.7925344422760634,0.8575262017820396,0.41712714664832595,1,1.99,3.99,1.24,0.5548933670357568,0.8615275316028445,0.054883919457390906,1,1.57,1.24,0.9052370360959532,0.3759952838523831,0.7159699824697299
Bottle386.png,1,7.45,2.17,0.3716573590953025,0.8531116143933212,0.8107403127402476,1,3.94,2.17,0.52,0.16261366314640469,0.8578021247023935,0.310189415209598,1,1.75,0.52,0.08935995050840684,0.8931692538084988,0.5727265789225809
Bottle387.png,1,5.42,3.69,0.19561235774540608,0.22806221660040094,0.9146912969115017,1,3.59,3.69,0.52,0.4416605105534346,0.7308476035599366,0.6069205657236718,1,1.53,0.52,0.5536276003441112,0.5035500770156067,0.8261369658996234
Bottle388.png,1,6.0,2.39,0.5590121431311096,0.48300673283965967,0.020601848520396815,1,2.42,2.39,0.84,0.6298276152017124,0.36928011002440186,0.5725215818532987,1,1.96,0.84,0.37938131210146797,0.27557713692874797,0.17400278411579373
Bottle389.png,1,5.2,1.63,0.9484068843994486,0.1320203575879807,0.17177210103507345,1,3.4,1.63,0.66,0.13316600514594534,0.5563453507413549,0.7789360554909146,1,1.7,0.66,0.46795496114076585,0.7873075462326655,0.10493949643368583
Bottle390.png,1,5.82,2.94,0.10386539827492702,0.8064960810503952,0.1844576139716274,1,3.02,2.94,0.67,0.6896426478992114,0.12269615992218008,0.2141977548909334,1,1.72,0.67,0.6786311947050974,0.48623946008001706,0.6827172807822394
Bottle391.png,1,5.23,3.9,0.4989174801352121,0.3586089911015645,0.7225199229620098,1,3.35,3.9,1.24,0.8382962920071204,0.5968724534144605,0.6445688831307608,1,1.84,1.24,0.03223077623907589,0.09796000406819338,0.37463493707562634
Bottle392.png,1,6.74,1.77,0.06780834112091216,0.9495639927476843,0.006651254653265992,1,4.45,1.77,0.97,0.15966874241215445,0.3126009045501291,0.17044212576034767,1,1.83,0.97,0.5792825120337132,0.5635535928381926,0.12461056084151767
Bottle393.png,1,7.29,2.52,0.746002817237886,0.24206712233192507,0.5663869182861837,1,4.28,2.52,1.36,0.6848177642205024,0.24859084670706777,0.6393812561386697,1,1.53,1.36,0.982416336515012,0.4188389513484062,0.7172917034446971
Bottle394.png,1,6.83,3.72,0.12071934034357035,0.4468629662929161,0.8098742977923244,1,2.16,3.72,0.77,0.03656856619412108,0.8287940814761883,0.12025878033244575,1,1.98,0.77,0.09432620053036611,0.29155448328290756,0.29035384806904574
Bottle395.png,1,7.11,3.23,0.6845312624466326,0.4398999668659862,0.7480495262869096,1,1.85,3.23,0.69,0.9856850112784732,0.8726680618697505,0.36974307428061604,1,1.55,0.69,0.12175552554120428,0.8296377360982178,0.9310445258915643
Bottle396.png,1,7.02,2.55,0.18751938833738158,0.5635711445934104,0.5059763311227151,1,3.56,2.55,1.13,0.12091269827710482,0.38985649500287833,0.32133072627415393,1,1.68,1.13,0.3419575268769912,0.5768065141477954,0.43352957838499007
Bottle397.png,1,6.7,2.78,0.8544274293412201,0.368640876342091,0.07671776726803947,1,4.31,2.78,1.21,0.5178107014713724,0.18705500951018195,0.2846727395441313,1,1.8,1.21,0.7461035149322073,0.7877069646738509,0.12365626762604387
Bottle398.png,1,6.35,3.03,0.020668921298076737,0.1638282935330706,0.6030264189518092,1,3.52,3.03,0.93,0.4124266598525441,0.33133305749524156,0.8036008904077739,1,1.56,0.93,0.9393535232165566,0.016235447487642718,0.24637495068958448
Bottle399.png,1,5.55,1.99,0.09772425691759878,0.6204889925878284,0.8249565921238213,1,4.07,1.99,1.19,0.23865288998748646,0.6640125178700091,0.5405249937616502,1,1.99,1.19,0.7422713187508735,0.43664443289755384,0.641233544163095
